domain_name,domain_description,family
14-3-3,14-3-3 protein,
5_nucleotid,5' nucleotidase family,5_nucleotid
7tm_1,7 transmembrane receptor (rhodopsin family),
7tm_3,7 transmembrane sweet-taste receptor of 3 GCPR,
AAA_23,AAA domain,
AAA_33,AAA domain,
Abi_HHR,Abl-interactor HHR,Abi_HHR
Activin_recp,Activin types I and II receptor domain,
ADD_ATRX,Cysteine Rich ADD domain,
ADD_DNMT3,"DNMT3, cysteine rich ADD domain, GATA1-like zinc finger",
adh_short,short chain dehydrogenase,
AF-4,AF-4 proto-oncoprotein N-terminal region,AF-4
AF4_int,AF4 interaction motif,
AFF4_CHD,"AFF4, C-terminal homology domain",
AHD,ANC1 homology domain (AHD),
AICARFT_IMPCHas,AICARFT/IMPCHase bienzyme,AICARFT_IMPCHas
Aldedh,Aldehyde dehydrogenase family,Aldedh
ALK_LTK_GRD,"ALK/LTK, Glycine-rich domain",
AMER,APC membrane recruitment protein,
AMP-binding,AMP-binding enzyme,AMP-binding
ANATO,Anaphylotoxin-like domain,
ANCHR-like_BBOX,ANCHR-like B-box zinc-binding domain,
Androgen_recep,Androgen receptor,Androgen_recep
ANF_receptor,Receptor family ligand binding region,
Ank,Ankyrin repeat,
Ank_2,Ankyrin repeats (3 copies),
Ank_3,Ankyrin repeat,
Ank_4,Ankyrin repeats (many copies),
ANTH,ANTH domain,
APC_15aa,APC 15 residue motif,
APC_basic,APC basic domain,APC_basic
APC_N_CC,"Coiled-coil N-terminus of APC, dimerisation domain",
APC_r,APC repeat,
APC_rep,Adenomatous polyposis coli (APC) repeat,
APC_u13,Unstructured region on APC between APC_crr and SAMP,
APC_u14,Unstructured region on APC between SAMP and APC_crr,
APC_u15,Unstructured region on APC between APC_crr regions 5 and 6,
APC_u5,Unstructured region on APC between 1st and 2nd catenin-bdg motifs,
APC_u9,Unstructured region on APC between 1st two creatine-rich regions,
Apyrase,Apyrase,
ARA70,Nuclear coactivator,ARA70
ARID,ARID/BRIGHT DNA binding domain,
Arm,Armadillo/beta-catenin-like repeat,
Arm_APC_u3,Armadillo-associated region on APC,
ARM_UBP24_USP9X-Y,UBP24/USP9X/USP9Y ARM repeat,
ASH,"Abnormal spindle-like microcephaly-assoc'd, ASPM-SPD-2-Hydin",
ASXH,Asx homology domain,
ATP_Ca_trans_C,Plasma membrane calcium transporter ATPase C terminal,ATP_Ca_trans_C
AT_hook,AT hook motif,
AWS,AWS domain,
AXIN1_TNKS_BD,Axin-1 tankyrase binding domain,
Axin_b-cat_bind,Axin beta-catenin binding motif,
BACK,BTB And C-terminal Kelch,
BACK_BPM_SPOP,"BPM/SPOP, BACK domain",
BAF250_C,SWI/SNF-like complex subunit BAF250/Osa ,
BAH,BAH domain,
BAR,BAR domain,
BAR_3,BAR domain of APPL family,
Basic,Myogenic Basic domain,Basic
Bcl-2,"Apoptosis regulator proteins, Bcl-2 family",Bcl-2
BCL9,B-cell lymphoma 9 protein,BCL9
BCL_N,"BCL7, N-terminal conserver region",BCL_N
BCMA-Tall_bind,"BCMA, TALL-1 binding",
BCOR,"BCL-6 co-repressor, non-ankyrin-repeat region",BCOR
Bcr-Abl_Oligo,Bcr-Abl oncoprotein oligomerisation domain,
BDHCT,BDHCT (NUC031) domain,
BDHCT_assoc,BDHCT-box associated domain on Bloom syndrome protein,BDHCT_assoc
Beach,Beige/BEACH domain,Beach
BET,Bromodomain extra-terminal - transcription regulation,
Beta-prop_DCAF12,DDB1- and CUL4-associated factor 12 beta propeller,
Beta-prop_EML,Echinoderm microtubule-associated protein first beta-propeller,
Beta-prop_EML_2,Echinoderm microtubule-associated protein second beta-propeller,
Beta-prop_NUP159_NUP214,NUP159/214 beta propeller,
Beta_helix,Right handed beta helix region,
BH4,Bcl-2 homology region 4,BH4
BHD_1,Rad4 beta-hairpin domain 1,
BHD_2,Rad4 beta-hairpin domain 2,
BHD_3,Rad4 beta-hairpin domain 3,
bHLH_HIF1A,Hypoxia-inducible factor 1-alpha bHLH domain,
bHLH_NCOA,Nuclear receptor coactivators bHLH domain,
bHLH_PER,Period circadian protein homolog bHLH-like domain,
BIR,Inhibitor of Apoptosis domain,
BIRC6,Baculoviral IAP repeat-containing protein 6  ,BIRC6
BLM_N,N-terminal region of Bloom syndrome protein,BLM_N
BRCA-2_helical,"BRCA2, helical",
BRCA-2_OB1,"BRCA2, oligonucleotide/oligosaccharide-binding, domain 1",
BRCA-2_OB3,"BRCA2, oligonucleotide/oligosaccharide-binding, domain 3",
BRCA2,BRCA2 repeat,BRCA2
BRCA2DBD_OB2,"BRCA2, OB2",
BRCA2_TR2,BRCA2 TR2 domain,
BRCT,BRCA1 C Terminus (BRCT) domain,
BRCT_assoc,Serine-rich domain associated with BRCT,
BRD4_CDT,C-terminal domain of bromodomain protein 4,BRD4_CDT
BRK,BRK domain,
Bromodomain,Bromodomain,
BTB,BTB/POZ domain,
BTG,BTG family,BTG
BTK,BTK motif,
bZIP_1,bZIP transcription factor,
bZIP_2,Basic region leucine zipper,
bZIP_Maf,bZIP Maf transcription factor,
c-SKI_SMAD_bind,c-SKI Smad4 binding domain,
C1-set,Immunoglobulin C1-set domain,
C1_1,Phorbol esters/diacylglycerol binding domain (C1 domain),
C2,C2 domain,
C2-set_2,CD80-like C2-set immunoglobulin domain ,
C2-set_3,"Butyrophilin subfamily 3 member A2-like, Ig-C domain",
C5HCH,NSD Cys-His rich domain,
C8,C8 domain,
C8-3_MUC4,Mucin-4-like C8-3 domain,
CAC1F_C,"Voltage-gated calcium channel subunit alpha, C-term",CAC1F_C
Cadherin,Cadherin domain,
Cadherin_CELSR2_9th,"CELSR2-like, ninth cadherin domain",
Cadherin_FAT4_N,"FAT4-like, N-terminal cadherin-like domain",
Cadherin_pro,Cadherin prodomain like,
CADH_Y-type_LIR,"Cadherin, Y-type LIR-motif",CADH_Y-type_LIR
Calreticulin,Calreticulin family,Calreticulin
CAMSAP_CH,CAMSAP CH domain,
CAP_GLY,CAP-Gly domain,
CARD,Caspase recruitment domain,
CASP_C,CASP C terminal,CASP_C
Cast,RIM-binding protein of the cytomatrix active zone,
Cation_ATPase,"P-type ATPase, cytoplasmic domain N",Cation_ATPase
Cation_ATPase_C,"Cation transporting ATPase, C-terminus",Cation_ATPase_C
Cation_ATPase_N,"Cation transporter/ATPase, N-terminus",
Caudal_act,Caudal like protein activation region,Caudal_act
Ca_chan_IQ,Voltage gated calcium channel IQ domain,
CBF_beta,Core binding factor beta subunit,CBF_beta
Cbl_N,CBL proto-oncogene N-terminal domain 1,
Cbl_N2,"CBL proto-oncogene N-terminus, EF hand-like domain",
Cbl_N3,"CBL proto-oncogene N-terminus, SH2-like domain",
CCHC_BCL-11A,BCL-11A-like CCHC zinc finger,
CCTL2_WNK,WNK CCTL2 domain,
CC_CDK5RAP2,"CDK5 regulatory subunit-associated protein 2-like, coiled coil",
CD45,Leukocyte receptor CD45,CD45
CDC73_C,"RNA pol II accessory factor, Cdc73 family, C-terminal",
CDC73_N,Paf1 complex subunit CDC73 N-terminal,CDC73_N
CDH1_2_SANT_HL1,CDH1/2 SANT-Helical linker 1,
CDI,Cyclin-dependent kinase inhibitor,CDI
CEBP_ZZ,Cytoplasmic polyadenylation element-binding protein ZZ domain,
cEGF,Complement Clr-like EGF-like,
CEP104-like_TOG,"Centrosomal protein CEP104-like, TOG domain",
CG-1,CG-1 domain,
CH,Calponin homology (CH) domain,
CHD1-like_C,"Chromodomain-helicase-DNA-binding protein 1-like, C-terminal",
CHDCT2,CHDCT2 (NUC038) domain,
CHDII_SANT-like,"CHD subfamily II, SANT-like domain",
CHDNT,CHDNT (NUC034) domain,
Choline_kinase,Choline/ethanolamine kinase,
Chromo,Chromo (CHRromatin Organisation MOdifier) domain,
Clathrin,Region in Clathrin and VPS,
Clathrin-link,"Clathrin, heavy-chain linker",
Clathrin_H_link,Clathrin-H-link,
Clathrin_propel,Clathrin propeller repeat,
CLIP1_ZNF,CLIP1 zinc knuckle,CLIP1_ZNF
Clp1,Pre-mRNA cleavage complex II protein Clp1,Clp1
CLP1_N,N-terminal beta-sandwich domain of polyadenylation factor,CLP1_N
CLP1_P,mRNA cleavage and polyadenylation factor CLP1 P-loop,
Cmyb_C,"C-myb, C-terminal",Cmyb_C
cNMP_binding,Cyclic nucleotide-binding domain,
Cnn_1N,Centrosomin N-terminal motif 1,
COE1_DBD,Transcription factor COE1 DNA-binding domain,
COE1_HLH,Transcription factor COE1 helix-loop-helix domain,
COLFI,Fibrillar collagen C-terminal domain,COLFI
Collagen,Collagen triple helix repeat (20 copies),
COX6B,Cytochrome oxidase c subunit VIb,
COX6C,Cytochrome c oxidase subunit VIc,COX6C
CRAL_TRIO_2,Divergent CRAL/TRIO domain,
Creb_binding,Creb binding,
CRLF2-like_D2,"Cytokine receptor-like factor 2-like, D2 domain",
CRM1_C,CRM1 C terminal,
CRM1_repeat,Chromosome region maintenance or exportin repeat,
CRM1_repeat_2,CRM1 / Exportin repeat 2,
CRM1_repeat_3,CRM1 / Exportin repeat 3,
CTE_SPB4,"ATP-dependent rRNA helicase SPB4-like, C-terminal extension",
CTF_NFI,CTF/NF-I family transcription modulation region,CTF_NFI
CTNNB1_binding,N-terminal CTNNB1 binding,CTNNB1_binding
CUB,CUB domain,
Cullin,Cullin alpha solenoid domain,
Cullin_Nedd8,Cullin protein neddylation domain,
CUT,CUT domain,
CUX1_N,"CUX1-like, N-terminal tRNA-binding arm",
CXCR4_N,CXCR4 Chemokine receptor N terminal,
CybS,"CybS, succinate dehydrogenase cytochrome B small subunit",CybS
Cyclin_C,"Cyclin, C-terminal domain",
Cyclin_C_2,Cyclin C-terminal domain,
Cyclin_N,"Cyclin, N-terminal domain",
CYLD_phos_site,"Phosphorylation region of CYLD, unstructured",
Daxx,Daxx N-terminal Rassf1C-interacting domain,
DAXX_hist_bd,"Death domain-associated protein 6, histone binding domain",
DDR1-2_DS-like,"Discoidin domain-containing receptor 1/2, DS-like domain",
DDT,DDT domain,DDT
DEAD,DEAD/DEAH box helicase,
DEAD_2,DEAD_2,DEAD_2
Death,Death domain,
DEATH_SH3BP4,"SH3BP4, DEATH domain-like",
DED,Death effector domain,
DEK_C,DEK C terminal domain,
DEP,"Domain found in Dishevelled, Egl-10, and Pleckstrin (DEP)",
Dicer_dimer,Dicer dimerisation domain,
Dicer_dsRBD,"Dicer, dsRNA-binding domain",
Dicer_PBD,"Dicer, partner-binding domain",
Dicer_platform,"Dicer, platform domain",
DIL,DIL domain,
DIX,DIX domain,DIX
DnaJ,DnaJ domain,
DnaJ_C,DnaJ C terminal domain,
DNApol_Exo,DNA mitochondrial polymerase exonuclease domain,
DNA_binding_1,"6-O-methylguanine DNA methyltransferase, DNA binding domain",
DNA_methylase,C-5 cytosine-specific DNA methylase,
DNA_mis_repair,"DNA mismatch repair protein, C-terminal domain",DNA_mis_repair
DNA_pol_A,DNA polymerase family A,
DNA_pol_A_exo1,3'-5' exonuclease,
DNA_pol_B,DNA polymerase family B,DNA_pol_B
DNA_pol_B_exo1,"DNA polymerase family B, exonuclease domain",DNA_pol_B_exo1
DND1_DSRM,double strand RNA binding domain from DEAD END PROTEIN 1,
DNM3A_N,"DNA (cytosine-5-)-methyltransferase, N-terminal",
DNMT3_ADD_GATA1-like,"DNMT3, ADD PHD zinc finger",
Drc1-Sld2,DNA replication and checkpoint protein,Drc1-Sld2
dsrm,Double-stranded RNA binding motif,
DUF1087,"CHD subfamily II, DUF1087",
DUF1088,"Neurobeachin-like, DUF1088",
DUF1518,"Nuclear receptor coactivator, DUF1518",
DUF1744,Domain of unknown function (DUF1744),
DUF1771,Domain of unknown function (DUF1771),
DUF2046,Uncharacterized conserved protein H4 (DUF2046),
DUF3371,Domain of unknown function (DUF3371),DUF3371
DUF3384,Domain of unknown function (DUF3384),DUF3384
DUF3452,Domain of unknown function (DUF3452),DUF3452
DUF3504,Domain of unknown function (DUF3504),DUF3504
DUF3517,Domain of unknown function (DUF3517),DUF3517
DUF3528,Protein of unknown function (DUF3528),DUF3528
DUF3657,Protein FAM135 ,DUF3657
DUF4347,Domain of unknown function (DUF4347),DUF4347
DUF4704,"Neurobeachin/BDCP, DUF4704 alpha solenoid region",
DUF4819,Domain of unknown function (DUF4819),DUF4819
DUF4927,Domain of unknown function (DUF4927),DUF4927
DUF5050,Domain of unknown function (DUF5050),
DUF5604,Domain of unknown function (DUF5604),
DUF676,Putative serine esterase (DUF676),DUF676
DUF7816,Domain of unknown function (DUF7816),
DUF7817,Domain of unknown function (DUF7817),
DUF7818,Domain of unknown function (DUF7818),
DUF7898,Domain of unknown function (DUF7898),
Dynactin,Dynein associated protein ,Dynactin
Dynamin_M,Dynamin central region,Dynamin_M
Dynamin_N,Dynamin family,
E1-E2_ATPase,P-type ATPase actuator domain,
E3_UbLigase_EDD,E3 ubiquitin ligase EDD,
EB1_binding,EB-1 Binding Domain,EB1_binding
ecTbetaR2,Transforming growth factor beta receptor 2 ectodomain,
EF-hand_7,EF-hand domain pair,
EF_HAND_1_PLCG,PLCG EF-hand motif 1,
EF_HAND_2_PLCG,PLCG EF-hand motif 2,
EGF,EGF-like domain,
EGF_2,EGF-like domain,
EGF_CA,Calcium-binding EGF domain,
EGF_DL_JAG,"Delta-like/Jagged, EGF-like domain",
EGF_TEN,Teneurin EGF domain,
EGF_Tenascin,Tenascin EGF domain,
EGF_Teneurin,Teneurin-like EGF domain,
EH,EH domain,
eIF-1a,Translation initiation factor 1A / IF-1,
EIF3E_C,"Eukaryotic translation initiation factor 3 subunit E, C-terminal",
eIF3_N,eIF3 subunit 6 N terminal domain,
Elf-1_N,Transcription factor protein N terminal,Elf-1_N
ELL,RNA polymerase II elongation factor ELL  ,ELL
EphA2_TM,Ephrin type-A receptor 2 transmembrane domain,
Ephrin_lbd,Ephrin receptor ligand binding domain,
Ephrin_rec_like,Tyrosine-protein kinase ephrin type A/B receptor-like ,
EpoR_lig-bind,"Erythropoietin receptor, ligand binding",
ERCC3_RAD25_C,ERCC3/RAD25/XPB C-terminal helicase,
ERCC4,ERCC4 domain,
Erf4,Golgin subfamily A member 7/ERF4 family,
ERM_C,Ezrin/radixin/moesin family C terminal,
ERM_helical,"Ezrin/radixin/moesin, alpha-helical domain",
ESR1_C,Oestrogen-type nuclear receptor final C-terminal ,
Ets,Ets-domain,
ETS_PEA3_N,PEA3 subfamily ETS-domain transcription factor N terminal domain,ETS_PEA3_N
Exostosin_GT47,Exostosin GT47 domain,
Ezh2_MCSS,"Ezh2, MCSS domain",
EZH2_WD-Binding,WD repeat binding protein EZH2,EZH2_WD-Binding
F-box-like,F-box-like,
F5_F8_type_C,F5/8 type C domain,
FAD_binding_2,FAD binding domain,
FAM131,Putative cell signalling,FAM131
FAM47,FAM47 family,FAM47
FANCA_arcN,FANCA arcN subdomain,
FANCA_CTD,Fanconi anaemia group A protein C-terminal domain,
FANCA_helical,FANCA helical domain,
FancD2,Fanconi anaemia protein FancD2 nuclease,FancD2
FANCF,Fanconi anemia group F protein (FANCF),
Fanconi_A_N,Fanconi anaemia group A protein N terminus,
Fanconi_C,Fanconi anaemia group C protein,Fanconi_C
FAT,FAT domain,
FATC,FATC domain,FATC
FA_FANCE,Fanconi Anaemia group E protein FANCE,
FCH,"Fes/CIP4, and EFC/F-BAR homology domain",FCH
FDF,FDF domain,
Fer2_3,2Fe-2S iron-sulfur cluster binding domain,
Fer4_17,4Fe-4S dicluster domain,
FERM_C,FERM C-terminal PH-like domain,
FERM_F1,FERM F1 ubiquitin-like domain,
FERM_F2,FERM F2 acyl-CoA binding protein-like domain,
FERM_M,FERM central domain,
FERM_N,FERM N-terminal domain ,
FF,FF domain,FF
FF_PRPF40A,"PRPF40A-like, FF domain",
FF_RHG35_4th,"Rho GTPase-activating protein 35-like, FF domain",
FG-GAP,FG-GAP repeat,
FGFR3_TM,Fibroblast growth factor receptor 3 transmembrane domain,
FHA,FHA domain,FHA
FIBL-2,Fibulin-2 domain,
Fibrinogen_C,"Fibrinogen beta and gamma chains, C-terminal globular domain",
Fibulin_C,Fibulin C-terminal Ig-like domain,
Filament,Intermediate filament protein,
Filamin,Filamin/ABP280 repeat,
Fip1,Fip1 motif,
FKBP_C,FKBP-type peptidyl-prolyl cis-trans isomerase,
fn3,Fibronectin type III domain,
FN3_7,Fibronectin type III domain,
Fn3_PTPRU,Receptor-type tyrosine-protein phosphatase U Fn3 domain,
Folliculin,Vesicle coat protein involved in Golgi to plasma membrane transport,Folliculin
Folliculin_C,Folliculin C-terminal domain,
FOLN,Follistatin/Osteonectin-like EGF domain,
FOP_dimer,FOP N terminal dimerisation domain,
Forkhead,Forkhead domain,
Forkhead_N,Forkhead N-terminal region,Forkhead_N
FOXO-TAD,Transactivation domain of FOXO protein family,
FOXO_KIX_bdg,"KIX-binding domain of forkhead box O, CR2",FOXO_KIX_bdg
FOXP-CC,FOXP coiled-coil domain,
FRB_dom,FKBP12-rapamycin binding domain ,
Frizzled,Frizzled/Smoothened family membrane region,Frizzled
FST_N,"Follistatin, N-terminal",
FUBP_C,"Far upstream element-binding protein, C-terminal",
FumaraseC_C,Fumarase C C-terminus,
Furin-like,Furin-like cysteine rich region,
Furin-like_2,"Furin-like repeat, cysteine-rich",
FXa_inhibition,Coagulation Factor Xa inhibitory site,
FYRC,F/Y rich C-terminus,FYRC
FYRN,F/Y-rich N-terminus,FYRN
Fz,Fz domain,
F_actin_bind,F-actin binding,
G-alpha,G-protein alpha subunit,
G-gamma,GGL domain,
G-patch,G-patch domain,G-patch
GATA,GATA zinc finger,
GATase,Glutamine amidotransferase class-I,
GED,Dynamin GTPase effector domain,GED
GF_recep_IV,Growth factor receptor domain IV,
Glyco_transf_64,Glycosyl transferase family 64 domain,
Glypican,Glypican,Glypican
GMP_synt_C,GMP synthase C terminal domain,
Golgin_A5,Golgin subfamily A member 5,
GPHH,"Voltage-dependent L-type calcium channel, IQ-associated",GPHH
GPP34,Golgi phosphoprotein 3 (GPP34),GPP34
GPS2_interact,G-protein pathway suppressor 2-interacting domain,GPS2_interact
GRIP,GRIP domain,GRIP
Hairy_orange,Hairy Orange,
Hamartin,Hamartin protein,Hamartin
HARE-HTH,"HB1, ASXL, restriction endonuclease HTH domain",HARE-HTH
HATPase_c_3,"Histidine kinase-, DNA gyrase B-, and HSP90-like ATPase",
HAT_KAT11,Histone acetylation protein,
HAT_Syf1_CNRKL1_C,Pre-mRNA-splicing factor Syf1/CRNKL1 C-terminal HAT repeat,
HBB,Helical and beta-bridge domain,
HEAT,HEAT repeat,
HEAT_2,HEAT repeats,
HEAT_ATR,"Serine/threonine-protein kinase ATR-like, HEAT repeats",
HEAT_SCC3-SA,"Cohesin subunit SCC3/SA, HEAT-repeats domain",
HECT,HECT-domain (ubiquitin-transferase),
hEGF,Human growth factor-like EGF,
Helicase_C,Helicase conserved C-terminal domain,
Helicase_C_2,Helicase C-terminal domain,
Helicase_C_3,Helicase conserved C-terminal domain,
HELP,HELP motif,
HHH,Helix-hairpin-helix motif,
HhH-GPD,HhH-GPD superfamily base excision DNA repair protein,
HIF-1,Hypoxia-inducible factor-1,HIF-1
HIF-1a_CTAD,HIF-1 alpha C terminal transactivation domain,
HIP1_clath_bdg,Clathrin-binding domain of Huntingtin-interacting protein 1,
HIT,HIT domain,
HLH,Helix-loop-helix DNA-binding domain,
HMG_box,HMG (high mobility group) box,
HNF-1A_C,"Hepatocyte nuclear factor 1 (HNF-1), alpha isoform C terminus",HNF-1A_C
HNF-1B_C,"Hepatocyte nuclear factor 1 (HNF-1), beta isoform C terminus",HNF-1B_C
HNF-1_N,"Hepatocyte nuclear factor 1 (HNF-1), N terminus",HNF-1_N
HNF_C,HNF3 C-terminal domain,
HnRNPA1_LC,"Heterogeneous nuclear ribonucleoprotein A1, LC domain",
Homeobox_KN,Homeobox KN domain,Homeobox_KN
Homeodomain,Homeodomain,
HOOK,HOOK protein coiled-coil region,
HOOK_N,HOOK domain,
HOOK_N_NuMA,NuMA N-terminal hook domain,
Hormone_recep,Ligand-binding domain of nuclear hormone receptor,
Hox9_act,Hox9 activation region,Hox9_act
HoxA13_N,Hox protein A13 N terminal,HoxA13_N
HRDC,HRDC domain,
HSA,HSA domain,HSA
HSP90,Hsp90 protein,HSP90
HTH_40,Helix-turn-helix domain,
HTH_61,Helix-turn-helix domain,
HTH_CHD1_Hrp3,ATP-dependent helicase CHD1-2/hrp3 HTH domain ,
Hydrolase,haloacid dehalogenase-like hydrolase,
I-set,Immunoglobulin I-set domain,
IBN_N,Importin-beta N-terminal domain,
ig,Immunoglobulin domain,
Ig_2,Immunoglobulin domain,
Ig_3,Immunoglobulin domain,
Ig_PDGFR_d4,Platelet-derived growth factor receptor Ig-like domain 4,
Ig_VEGFR-1-like_5th,"VEGFR-1-like, immunoglobulin-like domain",
IKBKB_SDD,IQBAL scaffold dimerization domain,
IKKbetaNEMObind,I-kappa-kinase-beta NEMO binding domain,
IL2,Interleukin 2,
IL6Ra-bind,"Interleukin-6 receptor alpha chain, binding",
INI1_DNA-bd,"SWI/SNF Subunit INI1, DNA binding domain",
INO80F,INO80 complex subunit F,
Integrin_alpha,Integrin alpha cytoplasmic region,Integrin_alpha
Integrin_A_Ig_1,Integrin alpha Ig-like domain 1,
Integrin_A_Ig_2,Integrin alpha Ig-like domain 2,
Integrin_A_Ig_3,Integrin alpha Ig-like domain 3,
Ion_trans,Ion transport protein,Ion_trans
IQ,IQ calmodulin-binding motif,
IR1-M,Nup358/RanBP2 E3 ligase domain,
IRF,Interferon regulatory factor transcription factor,
IRF-3,Interferon-regulatory factor 3,IRF-3
IRK,Inward rectifier potassium channel transmembrane domain,
IRK_C,Inward rectifier potassium channel C-terminal domain,
IRS,PTB domain (IRS-1 type),
Iso_dh,Isocitrate/isopropylmalate dehydrogenase,
ITAM,Immunoreceptor tyrosine-based activation motif,
I_LWEQ,I/LWEQ domain,
Jak1_Phl,Jak1 pleckstrin homology-like domain,
JmjC,"JmjC domain, hydroxylase",
JmjN,jmjN domain,JmjN
Jun,Jun-like transcription factor,Jun
Kazal_2,Kazal-type serine protease inhibitor domain,
KDM5_C-hel,"Lysine-specific demethylase 5, C-terminal helical domain",
KDM6_C-hel,"Lysine-specific demethylase 6/UTY, C-terminal helical domain",
KDM6_GATAL,"KDM6, GATA-like",
Kelch_1,Kelch motif,
Kelch_KLHDC2_KLHL20_DRC7,KLHDC2/KLHL20/DRC7 Kelch-repeats domain,
KH-I_KHDC4-BBP,"KHDC4/BBP-like, KH-domain type I",
KH_1,KH domain,
KIAA1549,UPF0606 protein KIAA1549,KIAA1549
Kinesin,Kinesin motor domain,
KIX,KIX domain,
Knl1_RWD_C,Knl1 RWD C-terminal domain,
KRAB,KRAB box,KRAB
Kringle,Kringle domain,
La,La domain,
Laminin_G_2,Laminin G domain,
Laminin_G_3,Concanavalin A-like lectin/glucanases superfamily,
Ldl_recept_a,Low-density lipoprotein receptor domain class A,
Ldl_recept_b,Low-density lipoprotein receptor repeat class B,
Lectin_C,Lectin C-type domain,
LEDGF,Lens epithelium-derived growth factor (LEDGF) ,
Lep_receptor_Ig,Ig-like C2-type domain,
LIF-R_Ig-like,"Leukemia inhibitory factor receptor, Ig-like domain",
LIFR_D2,Leukemia inhibitory factor receptor D2 domain,
LIFR_N,Leukemia inhibitory factor receptor N-terminal domain,
Lig_chan,Ligand-gated ion channel,Lig_chan
Lig_chan-Glu_bd,Ligated ion channel L-glutamate- and glycine-binding site,
LIM,LIM domain,
Lipase_GDSL_2,GDSL-like Lipase/Acylhydrolase family,
LisH,LisH,
LMSTEN,LMSTEN motif,
LRRCT_2,Leucine rich repeat C-terminal motif,
LRRNT,Leucine rich repeat N-terminal domain,LRRNT
LRR_1,Leucine Rich Repeat,
LRR_5,BspA type Leucine rich repeat region (6 copies),
LRR_6,Leucine Rich repeat,
LRR_8,Leucine rich repeat,
LRR_9,Leucine-rich repeat,
LSM14,Scd6-like Sm domain,
LTD,Lamin Tail Domain,
Lyase_1,Lyase,
L_HMGIC_fpl,Lipoma HMGIC fusion partner-like protein,L_HMGIC_fpl
M-HEAT_ATR,"Serine/threonine-protein kinase ATR, M-HEAT region",
Mab-21,Mab-21 protein nucleotidyltransferase domain,
Mab-21_C,Mab-21 protein HhH/H2TH-like domain,
MACPF,MAC/Perforin domain,
Mad3_BUB1_I,Mad3/BUB1 homology region 1,
Maf_N,Maf N-terminal region,Maf_N
MALT1_Ig,MALT1 Ig-like domain,
MAM,"MAM domain, meprin/A5/mu",
MamL-1,MamL-1 domain,
MAML2_TAD,"Mastermind-like protein 2, transcriptional activation domain",
MATH_2,MATH domain,
MBD,Methyl-CpG binding domain,
Med12,Transcription mediator complex subunit Med12,
Med12-LCEWAV,Eukaryotic Mediator 12 subunit domain,
Med12-PQL,Eukaryotic Mediator 12 catenin-binding domain,
Med26,TFIIS helical bundle-like domain,
MELT,MELT motif,
Menin,Menin,Menin
Metallophos,Calcineurin-like phosphoesterase,
Methyltransf_1N,"6-O-methylguanine DNA methyltransferase, ribonuclease-like domain",
MFS_1,Major Facilitator Superfamily,MFS_1
MGS,MGS-like domain,
MH1,MH1 domain,
MH2,MH2 domain,MH2
MHC2-interact,"CLIP, MHC2 interacting",
MHCassoc_trimer,Class II MHC-associated invariant chain trimerisation domain,
MHC_I,"Class I Histocompatibility antigen, domains alpha 1 and 2",
MHC_I_C,MHC_I C-terminus,MHC_I_C
MINT_MID,"Msx2-interacting protein, MID domain",
MINT_RAM7,"Msx2-interacting protein, RAM7 domain",
MINT_RID,"Msx2-interacting protein, nuclear receptor-interacting domain",
MITF_TFEB_C_3_N,MITF/TFEB/TFEC/TFE3 N-terminus,MITF_TFEB_C_3_N
Mlf1IP,Myelodysplasia-myeloid leukemia factor 1-interacting protein,Mlf1IP
Mlh1_C,DNA mismatch repair protein Mlh1 C-terminus,
MLLE,MLLE domain,
MoCF_biosynth,Probable molybdopterin binding domain,
MoeA_C,MoeA C-terminal region (domain IV),
MoeA_N,MoeA N-terminal region (domain I and II),MoeA_N
MOZ_SAS,MOZ/SAS family,MOZ_SAS
mTOR_dom,Serine/threonine-protein kinase mTOR domain,
MutL_C,MutL C terminal dimerisation domain,
MutS_I,MutS domain I,
MutS_II,MutS domain II,
MutS_III,MutS domain III,
MutS_IV,MutS family domain IV,
MutS_V,MutS domain V,
Myb_DNA-binding,Myb-like DNA-binding domain,
Myc-LZ,Myc leucine zipper domain,
Myc_N,Myc amino-terminal region,Myc_N
Myf5,Myogenic determination factor 5,Myf5
Myosin_head,Myosin head (motor domain),
Myosin_N,Myosin N-terminal SH3-like domain,
Myosin_tail_1,Myosin tail,
N-HEAT_ATR,"Serine/threonine-protein kinase ATR, N-HEAT region",
N-SET,COMPASS (Complex proteins associated with Set1p) component N,
NAC,NAC domain,NAC
NACHT,NACHT domain,
NAD2,Novel AID APOBEC clade 2,NAD2
NAD_synthase,NAD synthase,
NAP,Nucleosome assembly protein (NAP),NAP
Na_Pi_cotrans,Na+/Pi-cotransporter,Na_Pi_cotrans
NBCH_WD40,Neurobeachin beta propeller domain,
Nbs1_C,DNA damage repair protein Nbs1,Nbs1_C
NCD2,NAB conserved region 2 (NCD2),NCD2
NCD3G,Nine Cysteines Domain of family 3 GPCR,NCD3G
NCOA_u2,Unstructured region on nuclear receptor coactivator protein,
Ndr,Ndr family,
Nebulin,Nebulin repeat,
Neogenin_C,Neogenin C-terminus,Neogenin_C
NESP55,Neuroendocrine-specific golgi protein P55 (NESP55),NESP55
Neuregulin,Neuregulin intracellular region,
Neurobeachin,Neurobeachin alpha solenoid region,
NfI_DNAbd_pre-N,Nuclear factor I protein pre-N-terminus,NfI_DNAbd_pre-N
NHR2,NHR2 domain like,
NIBRIN_BRCT_II,Second BRCT domain on Nijmegen syndrome breakage protein,
NIDO,Nidogen-like,NIDO
NMDAR2_C,N-methyl D-aspartate receptor 2B3 C-terminus,NMDAR2_C
NOD,NOTCH protein,NOD
NODP,NOTCH protein,NODP
NOPS,NOPS (NUC059) domain,
NosD,Periplasmic copper-binding protein (NosD),
NOT2_3_5_C,NOT2/NOT3/NOT5 C-terminal,
Not3,"Not1 N-terminal domain, CCR4-Not complex component ",Not3
Notch,LNR domain,
NPM1-C,Nucleophosmin C-terminal domain,
NTP_transf_7,Nucleotidyltransferase ,
NTR,UNC-6/NTR/C345C module,
Nucleoplasmin,Nucleoplasmin/nucleophosmin domain,
Nucleoporin2,Nup98-96 autopeptidase S59,
Nucleoprot-TPR,Nucleoprotein TPR-like domain,
Nuc_rec_co-act,Nuclear receptor coactivator,
NUDIX_4,NUDIX domain,
Nup214_FG,Nucleoporin Nup214 phenylalanine-glycine (FG) domain,
Nup96,Nuclear protein 96,
Nup98_GLEBS,"Nup98, Gle2-binding sequence",
NUT,NUT protein,NUT
OAR,OAR motif,
Occludin_ELL,Occludin homology domain,
OCRE,OCRE domain,
Oest_recep,Oestrogen receptor,Oest_recep
Olduvai,Olduvai domain,
OSR1_C,Oxidative-stress-responsive kinase 1 C-terminal domain,
OTU,OTU-like cysteine protease,
P19Arf_N,Cyclin-dependent kinase inhibitor 2a p19Arf N-terminus,P19Arf_N
p450,Cytochrome P450,
P53,P53 DNA-binding domain,
P53_TAD,P53 transactivation motif,
P53_tetramer,P53 tetramerisation motif,
P68HR,P68HR (NUC004) repeat,
PA,PA domain,
PACT_coil_coil,Pericentrin-AKAP-450 domain of centrosomal targeting protein,
PALB2_WD40,Partner and localizer of BRCA2 WD40 domain,
PAN_1,PAN domain,
PAS,PAS fold,
PAS_11,PAS domain,
PAS_3,PAS fold,
PAX,'Paired box' domain,
Pax2_C,Paired-box protein 2 C terminal,Pax2_C
Pax7,Paired box protein 7 ,Pax7
PAZ,PAZ domain,
PB1,PB1 domain,
PBC,PBC domain,PBC
PBD,P21-Rho-binding domain,
PC4,Transcriptional Coactivator p15 (PC4),
PCI,PCI domain,
PCM1_C,Pericentriolar material 1 C terminus,PCM1_C
PD-C2-AF1,"POU domain, class 2, associating factor 1",
PDGF,PDGF/VEGF domain,
PDGF_N,"Platelet-derived growth factor, N terminal region",PDGF_N
PDZ,PDZ domain,
Peptidase_C12,"Ubiquitin carboxyl-terminal hydrolase, family 1",
Peptidase_C14,Caspase domain,
Peptidase_M28,Peptidase family M28,
Per3-like_PAS-A,"Period circadian protein homolog 3-like, PAS-A domain",
Period_C,"Period circadian-like, C-terminal",
PH,PH domain,
PHD,PHD-finger,
PHD-1st_NSD,"Histone-lysine N-methyltransferase NSD-like, PHD zinc finger 1",
PHDvar_NSD,"Histone-lysine N-methyltransferase NSD-like, variant PHD zinc finger",
PHD_2,PHD-finger,PHD_2
PHD_3,"PHD domain of transcriptional enhancer, Asx",
PHD_NSD,"Histone-lysine N-methyltransferase NSD-like, PHD zinc finger",
PHD_P300,"Histone acetyltransferase p300-like, PHD domain",
Phe_ZIP,Phenylalanine zipper,
PH_16,PH domain,
PH_19,PH domain,
PH_BEACH,PH domain associated with Beige/BEACH,
PH_NF1,PH domain-like,
PI-PLC-X,"Phosphatidylinositol-specific phospholipase C, X domain",PI-PLC-X
PI-PLC-Y,"Phosphatidylinositol-specific phospholipase C, Y domain",PI-PLC-Y
PI3Ka,"Phosphoinositide 3-kinase family, accessory domain (PIK domain)",
PI3K_C2,Phosphoinositide 3-kinase C2,
PI3K_p85B,"PI3-kinase family, p85-binding domain",PI3K_p85B
PI3K_P85_iSH2,Phosphatidylinositol 3-kinase regulatory subunit P85 inter-SH2 domain,
PI3K_rbd,"PI3-kinase family, ras-binding domain",
PI3_PI4_kinase,Phosphatidylinositol 3- and 4-kinase,PI3_PI4_kinase
PIRC1_2,Piercer of microtubule wall 1/2,PIRC1_2
pKID,pKID domain,pKID
Pkinase,Protein kinase domain,
Pkinase_C,Protein kinase C terminal domain,Pkinase_C
PK_Tyr_Ser-Thr,Protein tyrosine and serine/threonine kinase,
PLU-1,PLU-1-like protein,PLU-1
PML_C,"PML, C-terminal domain",
PML_CC,"PML-like, coiled-coil",
POL2_thumb,"DNA polymerase epsilon catalytic subunit A, thumb domain",
POL3_N,"DNA polymerase delta catalytic subunit-like, N-terminal domain",
POLQ_helical,DNA_pol_Q helicase like region helical domain,
POT1,Telomeric single stranded DNA binding POT1/CDC13,
POT1PC,ssDNA-binding domain of telomere protection protein,
POT1_C_insert,"Protection of telomeres protein 1 (POT1), C-terminal insertion domain",
Pou,Pou domain - N-terminal to homeobox domain,
PP2C,Protein phosphatase 2C,PP2C
PPARgamma_N,PPAR gamma N-terminal region,PPARgamma_N
PPP2R1A-like_HEAT,PPP2R1A-like HEAT repeat,
PRC2_HTH_1,Polycomb repressive complex 2 tri-helical domain,
PRCC,"Mitotic checkpoint regulator, MAD2B-interacting",PRCC
PRDM2_PR,"PR domain zinc finger protein 2, PR domain",
Pre-SET,Pre-SET motif,Pre-SET
preSET_CXC,CXC domain,
Pro_isomerase,Cyclophilin type peptidyl-prolyl cis-trans isomerase/CLD,
PRY,SPRY-associated domain,
PSI,Plexin repeat,PSI
PSP,PSP,PSP
PTEN_C2,C2 domain of PTEN tumour-suppressor protein,
PTN13_u3,Unstructured linker region on PTN13 protein between PDZ,
PTP_N,Protein tyrosine phosphatase N terminal ,PTP_N
PTP_tm,"TM proximal of protein tyrosine phosphatase, receptor type J",PTP_tm
PUFD,BCORL-PCGF1-binding domain,
PWWP,PWWP domain,
PX,PX domain,
QLQ,QLQ,
Quaking_NLS,Putative nuclear localisation signal of quaking,
RA,Ras association (RalGDS/AF-6) domain,
Rab5-bind,Rabaptin-like protein,
Rabaptin,Rabaptin,
RabGAP-TBC,Rab-GTPase-TBC domain,RabGAP-TBC
Rab_bind,Rab binding domain,
Rad17,Rad17 P-loop domain,
Rad21_Rec8,Conserved region of Rad21 / Rec8 like protein,Rad21_Rec8
Rad21_Rec8_N,N terminus of Rad21 / Rec8 like protein,Rad21_Rec8_N
Rad4,Rad4 transglutaminase-like domain,
Rad50_zn_hook,Rad50 zinc hook motif,
Rad51,Rad51,
Ran_BP1,RanBP1 domain,
Rap_GAP,Rap/ran-GAP,
Ras,Ras family,
RasGAP,GTPase-activator protein for Ras-like GTPase,RasGAP
RasGEF,RasGEF domain,RasGEF
RasGEF_N,RasGEF N-terminal motif,
RBD,Raf-like Ras-binding domain,
RBD-FIP,FIP domain ,
RB_A,Retinoblastoma-associated protein A domain,
RB_B,Retinoblastoma-associated protein B domain,
Rb_C,Rb C-terminal domain,
Recep_L_domain,Receptor L domain,
RecQ_Zn_bind,RecQ zinc-binding,
ResIII,"Type III restriction enzyme, res subunit",ResIII
RET_CLD1,RET Cadherin like domain 1,
RET_CLD3,RET Cadherin like domain 3,
RET_CLD4,RET Cadherin like domain 4,
RET_CRD,"RET, Cysteine Rich Domain",
RFX_DNA_binding,RFX DNA-binding domain,
RGS,Regulator of G protein signaling domain,
RGS-like,Regulator of G protein signalling-like domain,
RGS_DHEX,Regulator of G-protein signalling DHEX domain,
RHD_dimer,Rel homology dimerisation domain,
RHD_DNA_bind,Rel homology DNA-binding domain,
Rhodanese,Rhodanese-like domain,
RhoGAP,RhoGAP domain,
RhoGAP-FF1,p190-A and -B Rho GAPs FF domain,
RhoGAP_pG1_pG2,"p190RhoGAP, pG1 and pG2 domains",
RhoGEF,RhoGEF domain,
Ribonuclease_3,Ribonuclease III domain,Ribonuclease_3
Ribonucleas_3_3,Ribonuclease-III-like,Ribonucleas_3_3
Ribophorin_I,Ribophorin I,Ribophorin_I
Ribosomal_L16,Ribosomal protein L16p/L10e,
Ribosomal_L18_c,Ribosomal L18 C-terminal region,
Ribosomal_L22e,Ribosomal L22e protein family,Ribosomal_L22e
Ribosomal_L5e,"Ribosomal large subunit proteins 60S L5, and 50S L18",Ribosomal_L5e
Rib_recp_KP_reg,Ribosome receptor lysine/proline rich region,Rib_recp_KP_reg
RIIa,Regulatory subunit of type II PKA R-subunit,
RING_CBP-p300,"CREB-binding protein/p300, atypical RING domain",
RMI2,RecQ-mediated genome instability protein 2,
RNA_pol_Rpb1_1,"RNA polymerase Rpb1, domain 1",
RNA_pol_Rpb1_2,"RNA polymerase Rpb1, domain 2",
RNA_pol_Rpb1_3,"RNA polymerase Rpb1, domain 3",
RNA_pol_Rpb1_4,"RNA polymerase Rpb1, domain 4",
RNA_pol_Rpb1_5,"RNA polymerase Rpb1, domain 5",
RNA_pol_Rpb1_6,"RNA polymerase Rpb1, domain 6",
RNA_pol_Rpb1_7,"RNA polymerase Rpb1, domain 7",
RNA_pol_Rpb1_R,RNA polymerase Rpb1 C-terminal repeat ,
RPEL,RPEL repeat,
RQC,RQC domain,
RRM_1,RNA recognition motif,
RRM_7,RNA recognition motif,
RUN,RUN domain,RUN
Runt,Runt domain,
RunxI,Runx inhibition domain,RunxI
RVT_1,Reverse transcriptase (RNA-dependent DNA polymerase),
SAMD1_WH,"SAM domain-containing protein 1, WH domain",
SAMP,SAMP Motif,
SAM_1,SAM domain (Sterile alpha motif),
SAM_2,SAM domain (Sterile alpha motif),
SAM_NCD1,NAB conserved region 1 (NCD1) SAM domain,
SAM_PNT,Sterile alpha motif (SAM)/Pointed domain,
SAP,SAP domain,
SbcC_Walker_B,"SbcC/RAD50-like, Walker B motif",
SBDS_C,"SBDS protein, C-terminal domain",
SBDS_domain_II,"SBDS protein, domain II",
SBDS_N,Shwachman-Bodian-Diamond syndrome (SBDS) N-terminal domain ,
SCD,Stromalin conservative domain,
Sdh5,Flavinator of succinate dehydrogenase,
Sdh_cyt,Succinate dehydrogenase/Fumarate reductase transmembrane subunit,Sdh_cyt
SEA,SEA domain,
Sema,Sema domain,
Septin,Septin,
SET,SET domain,SET
SF3b1,Splicing factor 3B subunit 1,
SH2,SH2 domain,
SH2_1,SH2 domain,
SH3BP4_C,SH3BP4 C-terminal helical domain,
SH3_1,SH3 domain,
SH3_9,Variant SH3 domain,
SIX1_SD,"Transcriptional regulator, SIX1, N-terminal SD domain",
Ski_Sno_DHD,SKI/SNO/DAC Dachshund homology domain,
SMC_hinge,SMC proteins Flexible Hinge Domain,
SMC_N,RecF/RecN/SMC N terminal domain,
Smr,Smr domain,
SnAC,"Snf2-ATP coupling, chromatin remodelling complex",
SNase,Staphylococcal nuclease homologue,
SNF2-rel_dom,SNF2-related domain,
SNF5,SNF5 / SMARCB1 / INI1,SNF5
SOCS_box,SOCS box,
SOS1_NGEF_PH,SOS1/NGEF-like PH domain,
SOXp,SOX transcription factor,SOXp
SPIN90_LRD,"SPIN90/Ldb17, leucine-rich domain",
SPOC,SPOC domain,
SPRY,SPRY domain,
SRC-1,Steroid receptor coactivator,
SRCR_2,Scavenger receptor cysteine-rich domain,
SRI,SRI (Set2 Rpb1 interacting) domain,
SSXRD,SSXRD motif,
SSXT,SSXT protein (N-terminal region),SSXT
STAG,STAG domain  ,
STAR_dimer,Homodimerisation region of STAR domain protein,
STAT6_C,STAT6 C-terminal,STAT6_C
STAT_alpha,"STAT transcription factor, coiled-coil domain",
STAT_bind,"STAT protein, DNA binding domain",
STAT_int,"STAT protein, protein interaction domain",
STAT_linker,"Signal transducer and activator of transcription, linker domain",
Sterol-sensing,Sterol-sensing domain of SREBP cleavage-activation,Sterol-sensing
STIL_N,STIL N-terminal domain,
Striatin,Striatin family,Striatin
Succ_DH_flav_C,Fumarate reductase flavoprotein C-term,
SUFU,Suppressor of fused protein (SUFU),
SUFU_C,Suppressor of Fused Gli/Ci N terminal binding domain,SUFU_C
Sulfotransfer_2,Sulfotransferase family,
Suppressor_APC,Adenomatous polyposis coli tumour suppressor protein,Suppressor_APC
Sushi,Sushi repeat (SCR repeat),
SWIB,SWIB/MDM2 domain,
SWIM,SWIM zinc finger,
Syndecan,Syndecan domain,Syndecan
S_100,S-100/ICaBP type calcium binding domain,
T-box,T-box,
TAD2,Transactivation domain 2,
TAFH,NHR1 homology to TAF,TAFH
TAN,Telomere-length maintenance and DNA damage repair,
TBX2-3_RD,"T-box transcription factor 2/3, repressor domain",
TBX2-3_TAD,"T-box transcription factor 2/3, TAD domain",
Tc-R-P,"Polymorphic toxin system, DSP-PTPase phosphatase",
TCL1_MTCP1,TCL1/MTCP1 family,TCL1_MTCP1
Telomerase_RBD,Telomerase ribonucleoprotein complex - RNA binding domain,
TERT_C,"Telomerase reverse transcriptase, C-terminal extension",
Tet_JBP,Oxygenase domain of the 2OGFeDO superfamily ,
TFIIS_M,"Transcription factor S-II (TFIIS), central domain",
TFR_dimer,Transferrin receptor-like dimerisation domain,
TGFb_propeptide,TGF-beta propeptide,TGFb_propeptide
TGF_beta,Transforming growth factor beta like domain,
TGF_beta_GS,Transforming growth factor beta type I GS-motif,TGF_beta_GS
THRAP3_BCLAF1,THRAP3/BCLAF1 family,THRAP3_BCLAF1
Thymosin,Thymosin beta-4 family,Thymosin
Thyroglobulin_1,Thyroglobulin type-1 repeat,
TIG,IPT/TIG domain,
TIL,Trypsin Inhibitor like cysteine rich domain,
TIR_2,TIR domain,
TMEM127,Transmembrane protein 127,TMEM127
TM_ErbB1,Epidermal growth factor receptor transmembrane-juxtamembrane segment,
TNFR_c6,TNFR/NGFR cysteine-rich region,
Topoisom_I,"Eukaryotic DNA topoisomerase I, catalytic core",
Topoisom_I_N,"Eukaryotic DNA topoisomerase I, DNA binding fragment",Topoisom_I_N
Topo_C_assoc,C-terminal topoisomerase domain,Topo_C_assoc
TORC_C,"Transducer of regulated CREB activity, C terminus",TORC_C
TORC_M,Transducer of regulated CREB activity middle domain,TORC_M
TORC_N,"Transducer of regulated CREB activity, N terminus",TORC_N
Tower,Tower,
TPR_8,Tetratricopeptide repeat,
TPR_MLP1_2,TPR/MLP1/MLP2-like protein,
Tra1_central,Tra1 HEAT repeat central region,
Tra1_ring,Tra1 HEAT repeat ring region,
TrkA_TMD,Tyrosine kinase receptor A trans-membrane domain,
tRNA-synt_1e,tRNA synthetases class I (C) catalytic domain,
Tropomyosin,Tropomyosin,
Trypsin,Trypsin,
TSLPR_D1,"Cytokine receptor-like factor 2, domain 1   ",
TSP1_spondin,Spondin-like TSP1 domain,
Tuberin,Tuberin,Tuberin
TUDOR,Tudor domain,
Tudor_4,Histone methyltransferase Tudor domain,
Tudor_5,Histone methyltransferase Tudor domain 1,
TUG-UBL1,TUG ubiquitin-like domain,TUG-UBL1
UBA,UBA/TS-N domain,
UBA_BIRC2-3,"BIRC2/3-like, UBA domain",
UBA_HYPK,HYPK UBA domain,
ubiquitin,Ubiquitin family,
UBX,UBX domain,
UCH,Ubiquitin carboxyl-terminal hydrolase,UCH
UCH_C,Ubiquitin carboxyl-terminal hydrolases,
UCH_UBL1,"Ubiquitin carboxyl-terminal hydrolases, Ubiquitin-like 1",
UME,UME (NUC010) domain,
UPA_2,UPA domain,
UPA_SH3BP4,SH3BP4 UPA domain,
UQ_con,Ubiquitin-conjugating enzyme,
USP8_dimer,USP8 dimerisation domain,
V-set,Immunoglobulin V-set domain,
V-set_2,ICOS V-set domain,
V-SNARE,Vesicle transport v-SNARE protein N-terminus,
V-SNARE_C,Snare region anchored in the vesicle membrane C-terminus,
VEFS-Box,VEFS-Box of polycomb protein,VEFS-Box
VEGFR-1-like_Ig-like,"Vascular endothelial growth factor receptor 1-like, Ig-like domain",
VEGFR-2_TMD,VEGFR-2 Transmembrane domain,
VEGFR1-3_N_Ig-like,"VEGFR1-3, N-terminal Ig-like domain",
VHL,VHL beta domain,
VHL_C,VHL box domain,
Vinculin,Vinculin family,Vinculin
Vps55,Vacuolar protein sorting 55 ,Vps55
VWC,von Willebrand factor type C domain,
VWD,von Willebrand factor type D domain,
WAC_Acf1_DNA_bd,ATP-utilising chromatin assembly and remodelling N-terminal,
WD40,"WD domain, G-beta repeat",
WD40_2,WD40 repeated domain,
WD40_RFWD3,E3 ubiquitin-protein ligase RFWD3 WD40 domain,
WDCP,WD repeat and coiled-coil-containing protein family,
WH1,WH1 domain,
WH2,WH2 motif,
WHIM1,"WSTF, HB1, Itc1p, MBD9 motif 1",
WIF,WIF domain,WIF
WRNPLPNID,Putative WW-binding domain and destruction box ,
WSD,"Williams-Beuren syndrome DDT (WSD), D-TOX E motif",WSD
WT1,Wilm's tumour protein,WT1
WW,WW domain,
WW_FCH_linker,Unstructured linker region between on GAS7 protein,
WW_USP8,USP8 WW domain,
XPA_C,XPA protein C-terminus,
XPA_N,XPA protein N-terminal,
XPG_I,XPG I-region,XPG_I
XPG_N,XPG N-terminal domain,XPG_N
Xpo1,Exportin 1-like protein,
YEATS,YEATS family,
Y_phosphatase,Protein-tyrosine phosphatase,
zf-A20,A20-like zinc finger,zf-A20
zf-B_box,B-box zinc finger,
zf-C2H2,"Zinc finger, C2H2 type",
zf-C2H2_15,C2H2 zinc finger,
zf-C2H2_16,C2H2 zinc finger,
zf-C2H2_6,C2H2-type zinc finger,
zf-C2H2_assoc3,Putative zinc-finger between two C2H2 zinc-fingers on Patz,
zf-C2H2_ZFHX3,"Zinc finger homeobox protein 3-like, C2H2 type zinc-finger",
zf-C2HC,"Zinc finger, C2HC type",zf-C2HC
zf-C3HC4,"Zinc finger, C3HC4 type (RING finger)",
zf-C3HC4_3,"Zinc finger, C3HC4 type (RING finger)",
zf-C3HC4_4,"zinc finger of C3HC4-type, RING",
zf-C4,"Double treble clef zinc finger, C4 type",
zf-C4pol,C4-type zinc-finger of DNA polymerase delta,
zf-C5HC2,C5HC2 zinc finger,
zf-CCCH,Zinc finger C-x8-C-x5-C-x3-H type (and similar),zf-CCCH
zf-CCHC,Zinc knuckle,
zf-CXXC,CXXC zinc finger domain,
zf-Di19,"Drought induced 19 protein (Di19), zinc-binding",
zf-DPOE,Zinc finger domain of DNA polymerase-epsilon,
zf-FCS,MYM-type Zinc finger with FCS sequence motif,
zf-HC5HC2H,PHD-like zinc-binding domain,
zf-HC5HC2H_2,PHD-zinc-finger like domain,
zf-met,Zinc-finger of C2H2 type,
zf-MYND,MYND finger,
zf-MYST,MYST family zinc finger domain,
zf-RING_2,Ring finger domain,
zf-RING_5,zinc-RING finger domain,
zf-RING_6,zf-RING of BARD1-type protein,
zf-RING_UBOX,RING-type zinc-finger,
zf-TAZ,TAZ zinc finger,zf-TAZ
zf-UBP,Zn-finger in ubiquitin-hydrolases and other protein,
zf-UBR,Putative zinc finger in N-recognin (UBR box),zf-UBR
zf_DPOE_2,Zinc finger domain of DNA polymerase-epsilon,
ZnF_RZ-type,RZ type zinc finger domain,
ZNRF_3_ecto,ZNRF-3 Ectodomain,
Zn_ribbon_RanBP,Zn-finger in Ran binding protein and others,
Zn_ribbon_TFIIS,Transcription factor S-II (TFIIS),
Zn_SUZ12,"Polycomb protein SUZ12-like, Zn domain",
ZU5,ZU5 domain,ZU5
ZZ,"Zinc finger, ZZ type",
