accession_number,domain_name
O00141,Pkinase
O00141,Pkinase_C
O00221,Ank_2
O00255,Menin
O00291,ANTH
O00291,HIP1_clath_bdg
O00291,I_LWEQ
O00512,BCL9
O00571,DEAD
O00571,Helicase_C
O00712,CTF_NFI
O00712,MH1
O00712,NfI_DNAbd_pre-N
O00743,Metallophos
O14497,ARID
O14497,BAF250_C
O14521,CybS
O14522,fn3
O14522,Fn3_PTPRU
O14522,MAM
O14522,Y_phosphatase
O14647,CDH1_2_SANT_HL1
O14647,CHD1-like_C
O14647,Chromo
O14647,Helicase_C
O14647,HTH_CHD1_Hrp3
O14647,SNF2-rel_dom
O14654,IRS
O14686,FYRC
O14686,FYRN
O14686,PHD
O14686,SET
O14686,zf-HC5HC2H
O14686,zf-HC5HC2H_2
O14746,RVT_1
O14746,Telomerase_RBD
O14746,TERT_C
O14920,IKBKB_SDD
O14920,IKKbetaNEMObind
O14920,Pkinase
O14980,CRM1_C
O14980,CRM1_repeat
O14980,CRM1_repeat_2
O14980,CRM1_repeat_3
O14980,IBN_N
O14980,Xpo1
O15013,PH_19
O15013,RhoGEF
O15013,WD40_2
O15119,T-box
O15119,TBX2-3_RD
O15119,TBX2-3_TAD
O15151,zf-C3HC4_3
O15151,Zn_ribbon_RanBP
O15164,Bromodomain
O15164,PHD
O15164,zf-B_box
O15169,AXIN1_TNKS_BD
O15169,Axin_b-cat_bind
O15169,DIX
O15169,RGS
O15297,PP2C
O15315,Rad51
O15360,FANCA_arcN
O15360,FANCA_CTD
O15360,FANCA_helical
O15360,Fanconi_A_N
O15393,SRCR_2
O15393,Trypsin
O15524,SH2
O15524,SOCS_box
O15534,bHLH_PER
O15534,PAS_3
O15534,Per3-like_PAS-A
O15534,Period_C
O15550,JmjC
O15550,KDM6_C-hel
O15550,KDM6_GATAL
O15550,TPR_8
O43248,DUF3528
O43248,Homeodomain
O43283,PK_Tyr_Ser-Thr
O43295,FCH
O43295,RhoGAP
O43295,SH3_1
O43474,zf-C2H2
O43524,Forkhead
O43524,FOXO-TAD
O43524,FOXO_KIX_bdg
O43711,Homeodomain
O43791,BACK_BPM_SPOP
O43791,BTB
O43791,MATH_2
O43815,Striatin
O43815,WD40
O60216,Rad21_Rec8
O60216,Rad21_Rec8_N
O60566,Mad3_BUB1_I
O60674,FERM_F1
O60674,FERM_F2
O60674,Jak1_Phl
O60674,PK_Tyr_Ser-Thr
O60674,SH2_1
O60716,Arm
O60861,FCH
O60861,SH3_9
O60861,WW
O60861,WW_FCH_linker
O60885,BET
O60885,BRD4_CDT
O60885,Bromodomain
O60934,BRCT
O60934,FHA
O60934,Nbs1_C
O60934,NIBRIN_BRCT_II
O75030,DUF3371
O75030,HLH
O75030,MITF_TFEB_C_3_N
O75081,NHR2
O75081,TAFH
O75081,zf-MYND
O75175,NOT2_3_5_C
O75175,Not3
O75177,SSXT
O75204,TMEM127
O75376,GPS2_interact
O75376,Myb_DNA-binding
O75417,DEAD
O75417,DNA_pol_A
O75417,DUF7898
O75417,Helicase_C
O75417,HTH_61
O75417,POLQ_helical
O75444,bZIP_Maf
O75444,Maf_N
O75475,LEDGF
O75475,PWWP
O75530,WD40
O75533,PPP2R1A-like_HEAT
O75533,SF3b1
O75626,PRDM2_PR
O75626,zf-C2H2
O75874,Iso_dh
O75943,Rad17
O94761,DEAD
O94761,Drc1-Sld2
O94761,Helicase_C
O95071,E3_UbLigase_EDD
O95071,HECT
O95071,MLLE
O95214,Vps55
O95251,MOZ_SAS
O95251,zf-C2HC
O95251,zf-MYST
O95302,FKBP_C
O95436,Na_Pi_cotrans
O95467,NESP55
O95573,AMP-binding
O95633,FOLN
O95633,FST_N
O95633,Kazal_2
O95684,FOP_dimer
O95835,Pkinase
O95835,Pkinase_C
O95835,UBA
O95999,CARD
O96017,FHA
O96017,Pkinase
O96028,AWS
O96028,C5HCH
O96028,HMG_box
O96028,PHD
O96028,PHD-1st_NSD
O96028,PHD_NSD
O96028,PHDvar_NSD
O96028,PWWP
O96028,SET
P00519,F_actin_bind
P00519,PK_Tyr_Ser-Thr
P00519,SH2
P00519,SH3_1
P00533,Furin-like
P00533,GF_recep_IV
P00533,PK_Tyr_Ser-Thr
P00533,Recep_L_domain
P00533,TM_ErbB1
P01106,HLH
P01106,Myc-LZ
P01106,Myc_N
P01111,Ras
P01112,Ras
P01116,Ras
P01127,PDGF
P01127,PDGF_N
P02452,COLFI
P02452,Collagen
P02452,VWC
P02458,COLFI
P02458,Collagen
P02458,VWC
P02461,COLFI
P02461,Collagen
P02461,VWC
P02545,Filament
P02545,LTD
P02786,PA
P02786,Peptidase_M28
P02786,TFR_dimer
P03372,ESR1_C
P03372,Hormone_recep
P03372,Oest_recep
P03372,zf-C4
P04049,C1_1
P04049,Pkinase
P04049,RBD
P04198,HLH
P04198,Myc_N
P04233,MHC2-interact
P04233,MHCassoc_trimer
P04233,Thyroglobulin_1
P04439,C1-set
P04439,MHC_I
P04439,MHC_I_C
P04626,Furin-like
P04626,GF_recep_IV
P04626,PK_Tyr_Ser-Thr
P04626,Recep_L_domain
P04626,TM_ErbB1
P04629,LRR_8
P04629,LRRCT_2
P04629,PK_Tyr_Ser-Thr
P04629,TrkA_TMD
P04637,P53
P04637,P53_TAD
P04637,P53_tetramer
P04637,TAD2
P04843,Ribophorin_I
P05023,Cation_ATPase
P05023,Cation_ATPase_C
P05023,Cation_ATPase_N
P05023,E1-E2_ATPase
P05091,Aldedh
P05412,bZIP_1
P05412,Jun
P05771,C1_1
P05771,C2
P05771,Pkinase
P05771,Pkinase_C
P06239,PK_Tyr_Ser-Thr
P06239,SH2
P06239,SH3_1
P06400,DUF3452
P06400,RB_A
P06400,RB_B
P06400,Rb_C
P06748,NPM1-C
P06748,Nucleoplasmin
P06753,Tropomyosin
P06756,FG-GAP
P06756,Integrin_A_Ig_1
P06756,Integrin_A_Ig_2
P06756,Integrin_A_Ig_3
P06756,Integrin_alpha
P07332,FCH
P07332,PK_Tyr_Ser-Thr
P07332,SH2
P07333,ig
P07333,Ig_PDGFR_d4
P07333,PK_Tyr_Ser-Thr
P07900,HATPase_c_3
P07900,HSP90
P07948,PK_Tyr_Ser-Thr
P07948,SH2
P07948,SH3_1
P07949,Cadherin
P07949,PK_Tyr_Ser-Thr
P07949,RET_CLD1
P07949,RET_CLD3
P07949,RET_CLD4
P07949,RET_CRD
P07954,FumaraseC_C
P07954,Lyase_1
P08151,zf-C2H2
P08151,zf-C2H2_15
P08238,HATPase_c_3
P08238,HSP90
P08575,CD45
P08575,fn3
P08575,PTP_N
P08575,Y_phosphatase
P08581,PK_Tyr_Ser-Thr
P08581,PSI
P08581,Sema
P08581,TIG
P08922,fn3
P08922,PK_Tyr_Ser-Thr
P09619,ig
P09619,Ig_3
P09619,Ig_PDGFR_d4
P09619,PK_Tyr_Ser-Thr
P09669,COX6C
P0C1Z6,INO80F
P10242,Cmyb_C
P10242,LMSTEN
P10242,Myb_DNA-binding
P10275,Androgen_recep
P10275,Hormone_recep
P10275,zf-C4
P10276,Hormone_recep
P10276,zf-C4
P10398,C1_1
P10398,PK_Tyr_Ser-Thr
P10398,RBD
P10415,Bcl-2
P10415,BH4
P10632,p450
P10644,cNMP_binding
P10644,RIIa
P10721,ig
P10721,PK_Tyr_Ser-Thr
P10747,V-set_2
P11274,Bcr-Abl_Oligo
P11274,C2
P11274,PH_19
P11274,RhoGAP
P11274,RhoGEF
P11308,Ets
P11308,SAM_PNT
P11309,Pkinase
P11362,I-set
P11362,ig
P11362,PK_Tyr_Ser-Thr
P11387,Topo_C_assoc
P11387,Topoisom_I
P11387,Topoisom_I_N
P11802,Pkinase
P11912,Ig_3
P11912,ITAM
P11940,MLLE
P11940,RRM_1
P12270,Nucleoprot-TPR
P12270,TPR_MLP1_2
P12524,HLH
P12524,Myc_N
P12755,c-SKI_SMAD_bind
P12755,Ski_Sno_DHD
P12830,CADH_Y-type_LIR
P12830,Cadherin
P12830,Cadherin_pro
P12931,PK_Tyr_Ser-Thr
P12931,SH2
P12931,SH3_1
P12980,HLH
P13796,CH
P13796,EF-hand_7
P14210,Kringle
P14210,PAN_1
P14210,Trypsin
P14222,C2
P14222,MACPF
P14373,PRY
P14373,SPRY
P14373,zf-B_box
P14373,zf-C3HC4_4
P15056,C1_1
P15056,PK_Tyr_Ser-Thr
P15056,RBD
P15172,Basic
P15172,HLH
P15172,Myf5
P15311,ERM_C
P15311,ERM_helical
P15311,FERM_C
P15311,FERM_M
P15311,FERM_N
P15498,C1_1
P15498,CAMSAP_CH
P15498,PH
P15498,RhoGEF
P15498,SH2
P15498,SH3_1
P15923,HLH
P15941,SEA
P15976,GATA
P16157,Ank
P16157,Ank_2
P16157,Ank_3
P16157,Death
P16157,UPA_2
P16157,ZU5
P16220,bZIP_1
P16220,pKID
P16234,I-set
P16234,Ig_PDGFR_d4
P16234,PK_Tyr_Ser-Thr
P16455,DNA_binding_1
P16455,Methyltransf_1N
P16473,7tm_1
P16473,LRR_5
P16871,fn3
P16871,FN3_7
P17542,HLH
P17612,Pkinase
P17844,DEAD
P17844,Helicase_C
P17844,P68HR
P18074,DEAD_2
P18074,HBB
P18074,Helicase_C_2
P18846,bZIP_1
P18846,pKID
P19174,C2
P19174,EF_HAND_1_PLCG
P19174,EF_HAND_2_PLCG
P19174,PH
P19174,PI-PLC-X
P19174,PI-PLC-Y
P19174,SH2
P19174,SH3_1
P19447,ERCC3_RAD25_C
P19447,Helicase_C_3
P19447,ResIII
P19484,DUF3371
P19484,HLH
P19484,MITF_TFEB_C_3_N
P19532,DUF3371
P19532,HLH
P19532,MITF_TFEB_C_3_N
P19544,WT1
P19544,zf-C2H2
P20151,Trypsin
P20749,Ank
P20749,Ank_2
P20823,HNF-1_N
P20823,HNF-1A_C
P20823,HNF-1B_C
P21333,CH
P21333,Filamin
P21359,CRAL_TRIO_2
P21359,PH_NF1
P21359,RasGAP
P21580,OTU
P21580,zf-A20
P21802,I-set
P21802,Ig_3
P21802,PK_Tyr_Ser-Thr
P21860,Furin-like
P21860,GF_recep_IV
P21860,PK_Tyr_Ser-Thr
P21860,Recep_L_domain
P21912,Fer2_3
P21912,Fer4_17
P22003,TGF_beta
P22003,TGFb_propeptide
P22455,I-set
P22455,Ig_3
P22455,PK_Tyr_Ser-Thr
P22607,FGFR3_TM
P22607,I-set
P22607,Ig_3
P22607,PK_Tyr_Ser-Thr
P22626,HnRNPA1_LC
P22626,RRM_1
P22681,Cbl_N
P22681,Cbl_N2
P22681,Cbl_N3
P22681,UBA
P22681,zf-C3HC4
P23025,XPA_C
P23025,XPA_N
P23193,Med26
P23193,TFIIS_M
P23193,Zn_ribbon_TFIIS
P23246,NOPS
P23246,RRM_1
P23458,FERM_F1
P23458,FERM_F2
P23458,Jak1_Phl
P23458,PK_Tyr_Ser-Thr
P23458,SH2_1
P23467,fn3
P23467,PTP_tm
P23467,Y_phosphatase
P23468,fn3
P23468,I-set
P23468,Ig_3
P23468,Y_phosphatase
P23759,Homeodomain
P23759,PAX
P23759,Pax7
P23760,Homeodomain
P23760,PAX
P23760,Pax7
P23769,GATA
P23771,GATA
P24385,Cyclin_C
P24385,Cyclin_N
P24821,EGF_2
P24821,EGF_TEN
P24821,EGF_Tenascin
P24821,EGF_Teneurin
P24821,Fibrinogen_C
P24821,fn3
P24863,Cyclin_C_2
P24863,Cyclin_N
P24864,Cyclin_C
P24864,Cyclin_N
P24928,RNA_pol_Rpb1_1
P24928,RNA_pol_Rpb1_2
P24928,RNA_pol_Rpb1_3
P24928,RNA_pol_Rpb1_4
P24928,RNA_pol_Rpb1_5
P24928,RNA_pol_Rpb1_6
P24928,RNA_pol_Rpb1_7
P24928,RNA_pol_Rpb1_R
P25054,APC_15aa
P25054,APC_basic
P25054,APC_N_CC
P25054,APC_r
P25054,APC_rep
P25054,APC_u13
P25054,APC_u14
P25054,APC_u15
P25054,APC_u5
P25054,APC_u9
P25054,Arm
P25054,Arm_APC_u3
P25054,EB1_binding
P25054,SAMP
P25054,Suppressor_APC
P25106,7tm_1
P25445,Death
P25445,TNFR_c6
P25685,DnaJ
P25685,DnaJ_C
P25791,LIM
P25800,LIM
P26038,ERM_C
P26038,ERM_helical
P26038,FERM_C
P26038,FERM_M
P26038,FERM_N
P26196,DEAD
P26196,Helicase_C
P26232,Vinculin
P27037,Activin_recp
P27037,Pkinase
P27540,HLH
P27540,PAS
P27540,PAS_11
P27635,Ribosomal_L16
P27797,Calreticulin
P27986,PI3K_P85_iSH2
P27986,RhoGAP
P27986,SH2
P28324,Ets
P28340,DNA_pol_B
P28340,DNA_pol_B_exo1
P28340,POL3_N
P28340,zf-C4pol
P28482,Pkinase
P28715,XPG_I
P28715,XPG_N
P29320,EphA2_TM
P29320,Ephrin_lbd
P29320,Ephrin_rec_like
P29320,fn3
P29320,PK_Tyr_Ser-Thr
P29320,SAM_2
P29350,SH2
P29350,Y_phosphatase
P29375,ARID
P29375,JmjC
P29375,JmjN
P29375,KDM5_C-hel
P29375,PHD
P29375,PLU-1
P29375,zf-C5HC2
P29590,ANCHR-like_BBOX
P29590,PML_C
P29590,PML_CC
P29590,zf-C3HC4
P29992,G-alpha
P30153,HEAT
P30153,HEAT_2
P30153,PPP2R1A-like_HEAT
P30279,Cyclin_C
P30279,Cyclin_N
P30281,Cyclin_C
P30281,Cyclin_N
P30622,CAP_GLY
P30622,CLIP1_ZNF
P31040,FAD_binding_2
P31040,Succ_DH_flav_C
P31151,S_100
P31269,Homeodomain
P31269,Hox9_act
P31270,DUF3528
P31270,Homeodomain
P31271,Homeodomain
P31271,HoxA13_N
P31276,Homeodomain
P31276,HoxA13_N
P31314,Homeodomain
P31431,Syndecan
P31749,PH
P31749,Pkinase
P31749,Pkinase_C
P31751,PH
P31751,Pkinase
P31751,Pkinase_C
P31939,AICARFT_IMPCHas
P31939,MGS
P31994,Ig_2
P32248,7tm_1
P33076,LRR_6
P33076,NACHT
P33176,Kinesin
P35125,RabGAP-TBC
P35125,UCH
P35221,Vinculin
P35222,Arm
P35240,ERM_C
P35240,ERM_helical
P35240,FERM_C
P35240,FERM_M
P35240,FERM_N
P35268,Ribosomal_L22e
P35453,Homeodomain
P35453,HoxA13_N
P35579,Myosin_head
P35579,Myosin_N
P35579,Myosin_tail_1
P35637,RRM_1
P35637,Zn_ribbon_RanBP
P35658,Beta-prop_NUP159_NUP214
P35658,Nup214_FG
P35659,DEK_C
P35659,SAP
P35749,Myosin_head
P35749,Myosin_N
P35749,Myosin_tail_1
P35916,I-set
P35916,Ig_3
P35916,Ig_VEGFR-1-like_5th
P35916,PK_Tyr_Ser-Thr
P35916,VEGFR-1-like_Ig-like
P35916,VEGFR-2_TMD
P35916,VEGFR1-3_N_Ig-like
P35968,I-set
P35968,ig
P35968,Ig_2
P35968,Ig_VEGFR-1-like_5th
P35968,PK_Tyr_Ser-Thr
P35968,VEGFR-1-like_Ig-like
P35968,VEGFR-2_TMD
P35968,VEGFR1-3_N_Ig-like
P36507,Pkinase
P36888,ig
P36888,PK_Tyr_Ser-Thr
P36894,Activin_recp
P36894,Pkinase
P36894,TGF_beta_GS
P36896,Activin_recp
P36896,Pkinase
P36896,TGF_beta_GS
P37173,ecTbetaR2
P37173,PK_Tyr_Ser-Thr
P37231,Hormone_recep
P37231,PPARgamma_N
P37231,zf-C4
P37275,zf-C2H2
P37275,zf-Di19
P38398,BRCT
P38398,BRCT_assoc
P38398,zf-C3HC4
P38936,CDI
P39748,XPG_I
P39748,XPG_N
P39880,CUT
P39880,CUX1_N
P39880,Homeodomain
P40189,fn3
P40189,IL6Ra-bind
P40189,Lep_receptor_Ig
P40238,EpoR_lig-bind
P40259,V-set
P40337,VHL
P40337,VHL_C
P40424,Homeobox_KN
P40424,PBC
P40692,DNA_mis_repair
P40692,HATPase_c_3
P40692,Mlh1_C
P40763,SH2
P40763,STAT_alpha
P40763,STAT_bind
P40763,STAT_int
P40763,STAT_linker
P40818,Rhodanese
P40818,UCH
P40818,USP8_dimer
P40818,WW_USP8
P41161,Ets
P41161,ETS_PEA3_N
P41182,BTB
P41182,zf-C2H2
P41212,Ets
P41212,SAM_PNT
P41229,ARID
P41229,JmjC
P41229,JmjN
P41229,KDM5_C-hel
P41229,PHD
P41229,PLU-1
P41229,zf-C5HC2
P42226,SH2
P42226,STAT6_C
P42226,STAT_alpha
P42226,STAT_bind
P42226,STAT_int
P42226,STAT_linker
P42336,PI3_PI4_kinase
P42336,PI3K_C2
P42336,PI3K_p85B
P42336,PI3K_rbd
P42336,PI3Ka
P42338,PI3_PI4_kinase
P42338,PI3K_C2
P42338,PI3K_p85B
P42338,PI3K_rbd
P42338,PI3Ka
P42345,FAT
P42345,FATC
P42345,FRB_dom
P42345,HEAT_ATR
P42345,mTOR_dom
P42345,PI3_PI4_kinase
P42566,EH
P42568,AHD
P42568,YEATS
P42574,Peptidase_C14
P42680,BTK
P42680,PH
P42680,PK_Tyr_Ser-Thr
P42680,SH2
P42680,SH3_1
P42684,F_actin_bind
P42684,PK_Tyr_Ser-Thr
P42684,SH2
P42684,SH3_1
P42702,fn3
P42702,LIF-R_Ig-like
P42702,LIFR_D2
P42702,LIFR_N
P42768,PBD
P42768,WH1
P42768,WH2
P42773,Ank_2
P42773,Ank_4
P43146,fn3
P43146,I-set
P43146,Neogenin_C
P43246,MutS_I
P43246,MutS_II
P43246,MutS_III
P43246,MutS_IV
P43246,MutS_V
P43268,Ets
P43268,ETS_PEA3_N
P43405,PK_Tyr_Ser-Thr
P43405,SH2
P43699,Homeodomain
P45985,Pkinase
P46100,ADD_ATRX
P46100,Helicase_C
P46100,SNF2-rel_dom
P46527,CDI
P46531,Ank
P46531,Ank_2
P46531,EGF
P46531,EGF_CA
P46531,hEGF
P46531,NOD
P46531,NODP
P46531,Notch
P46777,Ribosomal_L18_c
P46777,Ribosomal_L5e
P47813,eIF-1a
P48431,HMG_box
P48431,SOXp
P48544,IRK
P48544,IRK_C
P48735,Iso_dh
P49589,tRNA-synt_1e
P49711,zf-C2H2
P49711,zf-C2H2_16
P49715,bZIP_2
P49789,HIT
P49792,IR1-M
P49792,Pro_isomerase
P49792,Ran_BP1
P49792,Zn_ribbon_RanBP
P49802,DEP
P49802,G-gamma
P49802,RGS
P49802,RGS_DHEX
P49815,DUF3384
P49815,Rap_GAP
P49815,Tuberin
P49841,Pkinase
P49902,5_nucleotid
P49915,GATase
P49915,GMP_synt_C
P49915,NAD_synthase
P50148,G-alpha
P50219,Homeodomain
P50549,Ets
P50549,ETS_PEA3_N
P50570,Dynamin_M
P50570,Dynamin_N
P50570,GED
P50570,PH
P51532,BRK
P51532,Bromodomain
P51532,Helicase_C
P51532,HSA
P51532,QLQ
P51532,SnAC
P51532,SNF2-rel_dom
P51587,BRCA-2_helical
P51587,BRCA-2_OB1
P51587,BRCA-2_OB3
P51587,BRCA2
P51587,BRCA2_TR2
P51587,BRCA2DBD_OB2
P51587,Tower
P51654,Glypican
P51679,7tm_1
P51692,SH2
P51692,STAT_alpha
P51692,STAT_bind
P51692,STAT_int
P51692,STAT_linker
P51825,AF-4
P51825,AF4_int
P51825,AFF4_CHD
P51826,AF-4
P51826,AF4_int
P51826,AFF4_CHD
P52306,Arm
P52333,FERM_F1
P52333,FERM_F2
P52333,Jak1_Phl
P52333,PK_Tyr_Ser-Thr
P52333,SH2_1
P52701,MutS_I
P52701,MutS_II
P52701,MutS_III
P52701,MutS_IV
P52701,MutS_V
P52701,PWWP
P52926,AT_hook
P52948,Nucleoporin2
P52948,Nup96
P52948,Nup98_GLEBS
P53675,Clathrin
P53675,Clathrin-link
P53675,Clathrin_H_link
P53675,Clathrin_propel
P53999,PC4
P54098,DNApol_Exo
P54132,BDHCT
P54132,BDHCT_assoc
P54132,BLM_N
P54132,DEAD
P54132,Helicase_C
P54132,HRDC
P54132,RecQ_Zn_bind
P54132,RQC
P54277,DNA_mis_repair
P54277,HATPase_c_3
P54277,HMG_box
P54278,DNA_mis_repair
P54278,HATPase_c_3
P54278,MutL_C
P54821,Homeodomain
P54821,OAR
P55196,DIL
P55196,FHA
P55196,PDZ
P55196,RA
P55197,PHD_2
P55197,zf-HC5HC2H_2
P55198,PHD_2
P55198,zf-HC5HC2H_2
P55199,ELL
P55199,Occludin_ELL
P55211,CARD
P55211,Peptidase_C14
P55287,CADH_Y-type_LIR
P55287,Cadherin
P55317,Forkhead
P55317,Forkhead_N
P55317,HNF_C
P56279,TCL1_MTCP1
P58012,Forkhead
P58340,Mlf1IP
P60228,eIF3_N
P60228,EIF3E_C
P60228,PCI
P60484,PTEN_C2
P60484,Tc-R-P
P60568,IL2
P61073,7tm_1
P61073,CXCR4_N
P61224,Ras
P61244,HLH
P61586,Ras
P61769,C1-set
P62070,Ras
P62258,14-3-3
P62324,BTG
P62328,Thymosin
P62633,zf-CCHC
P63000,Ras
P63092,G-alpha
P67936,Tropomyosin
P68402,Lipase_GDSL_2
P78324,C1-set
P78324,V-set
P78333,Glypican
P78543,BTG
P78545,Ets
P78545,SAM_PNT
P78549,HHH
P78549,HhH-GPD
P84022,MH1
P84022,MH2
P84103,RRM_1
P98095,ANATO
P98095,cEGF
P98095,EGF_CA
P98095,FIBL-2
P98095,Fibulin_C
P98095,FXa_inhibition
P98175,G-patch
P98175,OCRE
P98175,RRM_1
P98175,Zn_ribbon_RanBP
P98177,Forkhead
P98177,FOXO-TAD
Q00534,Pkinase
Q00597,Fanconi_C
Q00610,Clathrin
Q00610,Clathrin-link
Q00610,Clathrin_H_link
Q00610,Clathrin_propel
Q00653,Ank_2
Q00653,Death
Q00653,RHD_dimer
Q00653,RHD_DNA_bind
Q00987,SWIB
Q00987,zf-C3HC4_3
Q00987,Zn_ribbon_RanBP
Q01081,RRM_1
Q01081,zf-CCCH
Q01105,NAP
Q01130,RRM_1
Q01196,Runt
Q01196,RunxI
Q01543,Ets
Q01543,SAM_PNT
Q01668,Ca_chan_IQ
Q01668,CAC1F_C
Q01668,GPHH
Q01668,Ion_trans
Q01831,BHD_1
Q01831,BHD_2
Q01831,BHD_3
Q01831,Rad4
Q01844,RRM_1
Q01844,Zn_ribbon_RanBP
Q01860,Homeodomain
Q01860,Pou
Q02223,BCMA-Tall_bind
Q02297,EGF
Q02297,I-set
Q02297,Neuregulin
Q02535,HLH
Q02548,PAX
Q02548,Pax2_C
Q02750,Pkinase
Q03111,AHD
Q03111,YEATS
Q03112,PRDM2_PR
Q03112,zf-C2H2
Q03112,zf-C2H2_6
Q03164,FYRC
Q03164,FYRN
Q03164,PHD
Q03164,SET
Q03164,zf-CXXC
Q03164,zf-HC5HC2H
Q04721,Ank
Q04721,Ank_2
Q04721,EGF
Q04721,EGF_CA
Q04721,hEGF
Q04721,NOD
Q04721,NODP
Q04721,Notch
Q04771,Activin_recp
Q04771,Pkinase
Q04771,TGF_beta_GS
Q04864,RHD_dimer
Q04864,RHD_DNA_bind
Q05516,BTB
Q05516,zf-C2H2
Q05516,zf-C2H2_6
Q06124,SH2
Q06124,Y_phosphatase
Q06136,adh_short
Q06187,BTK
Q06187,PH
Q06187,PK_Tyr_Ser-Thr
Q06187,SH2
Q06187,SH3_1
Q06455,NHR2
Q06455,TAFH
Q06455,zf-MYND
Q06710,PAX
Q06710,Pax2_C
Q07812,Bcl-2
Q07864,DNA_pol_B_exo1
Q07864,DUF1744
Q07864,POL2_thumb
Q07864,zf-DPOE
Q07864,zf_DPOE_2
Q08881,BTK
Q08881,PH
Q08881,PK_Tyr_Ser-Thr
Q08881,SH2
Q08881,SH3_1
Q09472,Bromodomain
Q09472,Creb_binding
Q09472,HAT_KAT11
Q09472,KIX
Q09472,PHD_P300
Q09472,RING_CBP-p300
Q09472,zf-TAZ
Q09472,ZZ
Q12778,Forkhead
Q12778,FOXO-TAD
Q12778,FOXO_KIX_bdg
Q12824,INI1_DNA-bd
Q12824,SNF5
Q12864,Cadherin
Q12879,ANF_receptor
Q12879,Lig_chan
Q12879,Lig_chan-Glu_bd
Q12879,NMDAR2_C
Q12923,FERM_C
Q12923,FERM_M
Q12923,FERM_N
Q12923,PDZ
Q12923,PTN13_u3
Q12923,Y_phosphatase
Q12967,RA
Q12967,RasGEF
Q12967,RasGEF_N
Q13015,WRNPLPNID
Q13017,FF
Q13017,FF_RHG35_4th
Q13017,RhoGAP
Q13017,RhoGAP-FF1
Q13017,RhoGAP_pG1_pG2
Q13029,PRDM2_PR
Q13029,zf-C2H2
Q13029,zf-C2H2_6
Q13158,Death
Q13158,DED
Q13191,Cbl_N
Q13191,Cbl_N2
Q13191,Cbl_N3
Q13191,zf-C3HC4
Q13206,CTE_SPB4
Q13206,DEAD
Q13206,Helicase_C
Q13233,CEP104-like_TOG
Q13233,Pkinase
Q13233,SWIM
Q13315,FAT
Q13315,FATC
Q13315,PI3_PI4_kinase
Q13315,TAN
Q13422,zf-C2H2
Q13469,RHD_dimer
Q13469,RHD_DNA_bind
Q13485,MH1
Q13485,MH2
Q13489,BIR
Q13489,CARD
Q13489,UBA_BIRC2-3
Q13489,zf-C3HC4_3
Q13492,ANTH
Q13516,HLH
Q13535,FAT
Q13535,FATC
Q13535,HEAT_ATR
Q13535,M-HEAT_ATR
Q13535,N-HEAT_ATR
Q13535,PI3_PI4_kinase
Q13535,UME
Q13618,Cullin
Q13618,Cullin_Nedd8
Q13635,Sterol-sensing
Q13765,NAC
Q13765,UBA_HYPK
Q13772,ARA70
Q13882,PK_Tyr_Ser-Thr
Q13882,SH2
Q13882,SH3_1
Q13948,CASP_C
Q13948,CUX1_N
Q13951,CBF_beta
Q14141,Septin
Q14145,BACK
Q14145,BTB
Q14145,Kelch_1
Q14145,Kelch_KLHDC2_KLHL20_DRC7
Q14191,DEAD
Q14191,DNA_pol_A_exo1
Q14191,Helicase_C
Q14191,HRDC
Q14191,HTH_40
Q14191,RecQ_Zn_bind
Q14191,RQC
Q14202,DUF3504
Q14202,zf-FCS
Q14203,CAP_GLY
Q14203,Dynactin
Q14240,DEAD
Q14240,Helicase_C
Q14517,Cadherin
Q14517,EGF
Q14517,Laminin_G_2
Q14683,SMC_hinge
Q14683,SMC_N
Q14790,DED
Q14790,Peptidase_C14
Q14832,7tm_3
Q14832,ANF_receptor
Q14832,NCD3G
Q14839,CHDCT2
Q14839,CHDII_SANT-like
Q14839,CHDNT
Q14839,Chromo
Q14839,DUF1087
Q14839,Helicase_C
Q14839,PHD
Q14839,SNF2-rel_dom
Q14847,LIM
Q14847,Nebulin
Q14847,SH3_9
Q14980,HOOK_N_NuMA
Q15011,ubiquitin
Q15022,VEFS-Box
Q15022,Zn_SUZ12
Q15047,DUF5604
Q15047,MBD
Q15047,Pre-SET
Q15047,SET
Q15047,Tudor_4
Q15047,Tudor_5
Q15059,BET
Q15059,Bromodomain
Q15139,C1_1
Q15139,PH
Q15139,Pkinase
Q15154,PCM1_C
Q15233,NOPS
Q15233,RRM_1
Q15262,fn3
Q15262,Fn3_PTPRU
Q15262,I-set
Q15262,MAM
Q15262,Y_phosphatase
Q15276,Rab5-bind
Q15276,Rabaptin
Q15303,Furin-like
Q15303,GF_recep_IV
Q15303,PK_Tyr_Ser-Thr
Q15303,Recep_L_domain
Q15303,TM_ErbB1
Q15306,IRF
Q15306,IRF-3
Q15365,KH_1
Q15375,EphA2_TM
Q15375,Ephrin_lbd
Q15375,Ephrin_rec_like
Q15375,fn3
Q15375,PK_Tyr_Ser-Thr
Q15375,SAM_1
Q15468,STIL_N
Q15475,Homeobox_KN
Q15475,SIX1_SD
Q15532,SSXT
Q15596,bHLH_NCOA
Q15596,DUF1518
Q15596,DUF4927
Q15596,NCOA_u2
Q15596,Nuc_rec_co-act
Q15596,PAS
Q15596,PAS_11
Q15596,SRC-1
Q15669,Ras
Q15696,RRM_1
Q15696,zf-CCCH
Q15742,NCD2
Q15742,SAM_NCD1
Q15788,bHLH_NCOA
Q15788,DUF1518
Q15788,NCOA_u2
Q15788,Nuc_rec_co-act
Q15788,PAS
Q15788,PAS_11
Q15788,SRC-1
Q15796,MH1
Q15796,MH2
Q15831,Pkinase
Q15910,Ezh2_MCSS
Q15910,EZH2_WD-Binding
Q15910,PRC2_HTH_1
Q15910,preSET_CXC
Q15910,SET
Q15911,Homeodomain
Q15911,zf-C2H2
Q15911,zf-C2H2_ZFHX3
Q16204,DUF2046
Q16236,bZIP_Maf
Q16288,I-set
Q16288,ig
Q16288,LRR_8
Q16288,LRRCT_2
Q16288,LRRNT
Q16288,PK_Tyr_Ser-Thr
Q16384,SSXRD
Q16394,Exostosin_GT47
Q16394,Glyco_transf_64
Q16534,bZIP_2
Q16620,I-set
Q16620,LRR_8
Q16620,LRRCT_2
Q16620,LRRNT
Q16620,PK_Tyr_Ser-Thr
Q16633,PD-C2-AF1
Q16665,bHLH_HIF1A
Q16665,HIF-1
Q16665,HIF-1a_CTAD
Q16665,PAS
Q16665,PAS_3
Q16720,ATP_Ca_trans_C
Q16720,Cation_ATPase
Q16720,Cation_ATPase_C
Q16720,Cation_ATPase_N
Q16720,E1-E2_ATPase
Q16720,Hydrolase
Q16832,DDR1-2_DS-like
Q16832,F5_F8_type_C
Q16832,PK_Tyr_Ser-Thr
Q49AJ0,DUF3657
Q49AJ0,DUF676
Q4VC05,BCL_N
Q5H9F3,Ank_2
Q5H9F3,PUFD
Q5JTC6,AMER
Q5JWF2,G-alpha
Q5M775,CH
Q5VU43,CC_CDK5RAP2
Q5VU43,Cnn_1N
Q5VU43,Olduvai
Q5VWP2,NTP_transf_7
Q63HN8,zf-C3HC4
Q63HN8,ZnF_RZ-type
Q68CP9,ARID
Q68CP9,RFX_DNA_binding
Q68DV7,zf-RING_2
Q68DV7,ZNRF_3_ecto
Q6DJT9,zf-C2H2
Q6DJT9,zf-C2H2_6
Q6FHJ7,Fz
Q6FHJ7,NTR
Q6N021,Tet_JBP
Q6NWY9,FF
Q6NWY9,FF_PRPF40A
Q6NWY9,WW
Q6NZY4,PSP
Q6NZY4,zf-CCHC
Q6P1J9,CDC73_C
Q6P1J9,CDC73_N
Q6PCD5,WD40_RFWD3
Q6PCD5,zf-RING_2
Q6PIV2,Forkhead
Q6Q0C0,WD40
Q6Q0C0,zf-RING_UBOX
Q6UN15,Fip1
Q6UUV7,TORC_C
Q6UUV7,TORC_M
Q6UUV7,TORC_N
Q6UUV9,TORC_C
Q6UUV9,TORC_M
Q6UUV9,TORC_N
Q6UXX9,Furin-like_2
Q6V0I7,Cadherin
Q6V0I7,Cadherin_FAT4_N
Q6V0I7,EGF
Q6V0I7,EGF_CA
Q6V0I7,hEGF
Q6V0I7,Laminin_G_2
Q6W2J9,Ank_2
Q6W2J9,BCOR
Q6W2J9,PUFD
Q6W4X9,C8
Q6W4X9,TIL
Q6W4X9,VWD
Q70SY1,bZIP_1
Q70Z35,DEP
Q70Z35,PDZ
Q70Z35,RhoGEF
Q70Z35,SOS1_NGEF_PH
Q76L83,ASXH
Q76L83,HARE-HTH
Q76L83,PHD_3
Q7KZF4,SNase
Q7KZF4,TUDOR
Q7Z407,CUB
Q7Z407,Sushi
Q7Z7A1,LRR_9
Q86U86,BAH
Q86U86,Bromodomain
Q86U86,HMG_box
Q86UP2,Rib_recp_KP_reg
Q86UU0,BCL9
Q86UW6,AAA_33
Q86UW6,DUF1771
Q86UW6,DUF7816
Q86UW6,DUF7817
Q86UW6,DUF7818
Q86UW6,Smr
Q86VS8,HOOK
Q86VS8,HOOK_N
Q86VZ1,7tm_1
Q86W92,SAM_1
Q86W92,SAM_2
Q86XK2,Beta_helix
Q86XK2,F-box-like
Q86XK2,NosD
Q86XK2,zf-UBR
Q86Y26,NUT
Q86YC2,PALB2_WD40
Q8IUD2,Cast
Q8IUD2,RBD-FIP
Q8IWS0,zf-HC5HC2H
Q8IXJ9,ASXH
Q8IXJ9,HARE-HTH
Q8IXJ9,PHD_3
Q8IYB1,Mab-21
Q8IYB1,Mab-21_C
Q8IZL2,MamL-1
Q8IZL2,MAML2_TAD
Q8IZP0,Abi_HHR
Q8IZP0,SH3_1
Q8IZT6,ASH
Q8IZT6,CH
Q8IZT6,IQ
Q8N3U4,HEAT_SCC3-SA
Q8N3U4,SCD
Q8N3U4,STAG
Q8N653,BTB
Q8N653,Kelch_1
Q8N653,Kelch_KLHDC2_KLHL20_DRC7
Q8N726,P19Arf_N
Q8ND56,FDF
Q8ND56,LSM14
Q8NE35,CEBP_ZZ
Q8NE35,RRM_7
Q8NEZ4,FYRC
Q8NEZ4,FYRN
Q8NEZ4,PHD
Q8NEZ4,SET
Q8NEZ4,zf-HC5HC2H
Q8NEZ4,zf-HC5HC2H_2
Q8NFD5,ARID
Q8NFD5,BAF250_C
Q8NFG4,Folliculin
Q8NFG4,Folliculin_C
Q8NFP9,Beach
Q8NFP9,DUF1088
Q8NFP9,DUF4704
Q8NFP9,Laminin_G_3
Q8NFP9,NBCH_WD40
Q8NFP9,Neurobeachin
Q8NFP9,PH_BEACH
Q8NFU7,Tet_JBP
Q8NFU7,zf-CXXC
Q8NG31,Knl1_RWD_C
Q8NG31,MELT
Q8TBA6,Golgin_A5
Q8TDW7,Cadherin
Q8TDW7,Cadherin_CELSR2_9th
Q8TDW7,EGF
Q8TDW7,hEGF
Q8TDW7,Laminin_G_2
Q8WVM7,HEAT_SCC3-SA
Q8WVM7,SCD
Q8WVM7,STAG
Q8WVQ1,Apyrase
Q8WXI7,SEA
Q8WYB5,MOZ_SAS
Q8WYB5,PHD
Q8WYB5,SAMD1_WH
Q8WYB5,zf-MYST
Q8WYQ5,dsrm
Q92466,WD40
Q92560,Peptidase_C12
Q92560,UCH_C
Q92570,Hormone_recep
Q92570,zf-C4
Q92574,Hamartin
Q92597,Ndr
Q92615,La
Q92733,PRCC
Q92734,PB1
Q92793,Bromodomain
Q92793,Creb_binding
Q92793,HAT_KAT11
Q92793,KIX
Q92793,PHD_P300
Q92793,RING_CBP-p300
Q92793,zf-TAZ
Q92793,ZZ
Q92794,MOZ_SAS
Q92794,PHD
Q92794,SAMD1_WH
Q92794,zf-MYST
Q92804,RRM_1
Q92878,AAA_23
Q92878,Rad50_zn_hook
Q92878,SbcC_Walker_B
Q92889,ERCC4
Q92956,TNFR_c6
Q92989,Clp1
Q92989,CLP1_N
Q92989,CLP1_P
Q93008,ARM_UBP24_USP9X-Y
Q93008,DUF3517
Q93008,UCH
Q93008,UCH_UBL1
Q93052,LIM
Q93063,Exostosin_GT47
Q93063,Glyco_transf_64
Q93074,Med12
Q93074,Med12-LCEWAV
Q93074,Med12-PQL
Q969G3,HMG_box
Q969H0,F-box-like
Q969H0,WD40
Q969V6,RPEL
Q969V6,SAP
Q96AE4,FUBP_C
Q96AE4,KH_1
Q96AJ9,V-SNARE
Q96AJ9,V-SNARE_C
Q96BA8,bZIP_1
Q96DH6,RRM_1
Q96E14,RMI2
Q96GM5,SWIB
Q96K83,zf-C2H2
Q96K83,zf-C2H2_6
Q96K83,zf-met
Q96L73,AWS
Q96L73,C5HCH
Q96L73,PHD
Q96L73,PHD-1st_NSD
Q96L73,PHD_NSD
Q96L73,PHDvar_NSD
Q96L73,PWWP
Q96L73,SET
Q96N64,PWWP
Q96PJ5,ig
Q96PJ5,Ig_2
Q96PU8,KH-I_KHDC4-BBP
Q96PU8,Quaking_NLS
Q96PU8,STAR_dimer
Q96RK0,DUF4819
Q96RK0,HMG_box
Q96RU3,FCH
Q96RU3,SH3_1
Q96T37,RRM_1
Q96T37,SPOC
Q96T58,MINT_MID
Q96T58,MINT_RAM7
Q96T58,MINT_RID
Q96T58,RRM_1
Q96T58,SPOC
Q99062,fn3
Q99062,Lep_receptor_Ig
Q99081,HLH
Q99102,C8-3_MUC4
Q99102,NIDO
Q99102,VWD
Q99453,Homeodomain
Q99581,Ets
Q99607,Elf-1_N
Q99607,Ets
Q99612,zf-C2H2
Q99626,Caudal_act
Q99626,Homeodomain
Q99643,Sdh_cyt
Q99719,Septin
Q99728,Ank_2
Q99728,BRCT
Q99728,zf-RING_6
Q99814,bHLH_HIF1A
Q99814,HIF-1
Q99814,HIF-1a_CTAD
Q99814,PAS
Q99814,PAS_11
Q99835,Frizzled
Q99835,Fz
Q99836,Death
Q99836,TIR_2
Q99961,BAR
Q99961,SH3_1
Q99983,LRR_8
Q99996,PACT_coil_coil
Q9BQ51,C2-set_3
Q9BX63,DEAD_2
Q9BX63,Helicase_C_2
Q9BXL7,CARD
Q9BXW9,FancD2
Q9BXY4,Furin-like_2
Q9BXY4,TSP1_spondin
Q9BYW2,AWS
Q9BYW2,SET
Q9BYW2,SRI
Q9BYW2,WW
Q9BZ95,AWS
Q9BZ95,C5HCH
Q9BZ95,PHD-1st_NSD
Q9BZ95,PHD_NSD
Q9BZ95,PHDvar_NSD
Q9BZ95,PWWP
Q9BZ95,SET
Q9BZE9,TUG-UBL1
Q9BZE9,UBX
Q9BZJ0,HAT_Syf1_CNRKL1_C
Q9BZK7,LisH
Q9BZK7,WD40
Q9C0K0,CCHC_BCL-11A
Q9C0K0,zf-C2H2
Q9C0K0,zf-C2H2_16
Q9GZV5,WW
Q9H0E7,UCH
Q9H0E7,zf-UBP
Q9H165,CCHC_BCL-11A
Q9H165,zf-C2H2
Q9H165,zf-C2H2_16
Q9H334,Forkhead
Q9H334,FOXP-CC
Q9H3D4,P53
Q9H3D4,P53_tetramer
Q9H3D4,SAM_2
Q9H4A6,GPP34
Q9H6R7,WDCP
Q9HAZ2,PRDM2_PR
Q9HAZ2,zf-C2H2
Q9HAZ2,zf-C2H2_6
Q9HB96,FA_FANCE
Q9HBE1,BTB
Q9HBE1,zf-C2H2
Q9HBE1,zf-C2H2_6
Q9HBE1,zf-C2H2_assoc3
Q9HBU6,Choline_kinase
Q9HC35,Beta-prop_EML
Q9HC35,Beta-prop_EML_2
Q9HC35,HELP
Q9HC73,CRLF2-like_D2
Q9HC73,TSLPR_D1
Q9HCE6,PH_19
Q9HCE6,RhoGEF
Q9HCE6,WD40_2
Q9HCK4,fn3
Q9HCK4,I-set
Q9HCK4,Ig_3
Q9HCM3,KIAA1549
Q9HD26,PDZ
Q9NNX6,Lectin_C
Q9NPC3,zf-RING_5
Q9NPC8,Homeodomain
Q9NPC8,SIX1_SD
Q9NPF2,Sulfotransfer_2
Q9NPI8,FANCF
Q9NQ94,DND1_DSRM
Q9NQ94,RRM_1
Q9NQB0,CTNNB1_binding
Q9NQB0,HMG_box
Q9NQC7,CAP_GLY
Q9NQC7,CYLD_phos_site
Q9NQC7,UCH
Q9NQX3,MoCF_biosynth
Q9NQX3,MoeA_C
Q9NQX3,MoeA_N
Q9NR09,BIR
Q9NR09,BIRC6
Q9NR09,UQ_con
Q9NRL2,Bromodomain
Q9NRL2,DDT
Q9NRL2,PHD
Q9NRL2,WAC_Acf1_DNA_bd
Q9NRL2,WHIM1
Q9NRL2,WSD
Q9NRM7,Pkinase
Q9NRM7,Pkinase_C
Q9NRR4,dsrm
Q9NRR4,Ribonucleas_3_3
Q9NRR4,Ribonuclease_3
Q9NRY4,FF_RHG35_4th
Q9NRY4,Ras
Q9NRY4,RhoGAP
Q9NRY4,RhoGAP-FF1
Q9NRY4,RhoGAP_pG1_pG2
Q9NS75,7tm_1
Q9NUX5,POT1
Q9NUX5,POT1_C_insert
Q9NUX5,POT1PC
Q9NX18,Sdh5
Q9NYF8,THRAP3_BCLAF1
Q9NYV4,Pkinase
Q9NZN5,PDZ
Q9NZN5,PH_16
Q9NZN5,RGS-like
Q9NZN5,RhoGEF
Q9NZQ3,SH3_1
Q9NZQ3,SPIN90_LRD
Q9NZQ7,C2-set_2
Q9NZQ7,V-set
Q9NZR2,cEGF
Q9NZR2,DUF5050
Q9NZR2,EGF
Q9NZR2,EGF_CA
Q9NZR2,FXa_inhibition
Q9NZR2,Ldl_recept_a
Q9NZR2,Ldl_recept_b
Q9UBW7,DUF3504
Q9UBW7,zf-FCS
Q9UDY8,Ig_2
Q9UDY8,Ig_3
Q9UDY8,MALT1_Ig
Q9UDY8,Peptidase_C14
Q9UER7,Daxx
Q9UER7,DAXX_hist_bd
Q9UH17,NAD2
Q9UH73,COE1_DBD
Q9UH73,COE1_HLH
Q9UH73,TIG
Q9UHB7,AF-4
Q9UHB7,AF4_int
Q9UHB7,AFF4_CHD
Q9UHC6,F5_F8_type_C
Q9UHC6,Laminin_G_2
Q9UHD8,Septin
Q9UIF7,HHH
Q9UIF7,HhH-GPD
Q9UIF7,NUDIX_4
Q9UJQ4,zf-C2H2
Q9UJU2,CTNNB1_binding
Q9UJU2,HMG_box
Q9UKJ5,Erf4
Q9UKT9,zf-C2H2
Q9UKU0,AMP-binding
Q9ULT6,zf-RING_2
Q9ULT6,ZNRF_3_ecto
Q9ULV8,Cbl_N
Q9ULV8,Cbl_N2
Q9ULV8,Cbl_N3
Q9ULV8,zf-C3HC4_3
Q9UM73,ALK_LTK_GRD
Q9UM73,MAM
Q9UM73,PK_Tyr_Ser-Thr
Q9UMX1,SUFU
Q9UMX1,SUFU_C
Q9UNA1,BAR_3
Q9UNA1,PH
Q9UNA1,RhoGAP
Q9UNA1,SH3_9
Q9UPN9,Bromodomain
Q9UPN9,PHD
Q9UPN9,zf-B_box
Q9UPS6,N-SET
Q9UPS6,RRM_1
Q9UPS6,SET
Q9UPY3,DEAD
Q9UPY3,Dicer_dimer
Q9UPY3,Dicer_dsRBD
Q9UPY3,Dicer_PBD
Q9UPY3,Dicer_platform
Q9UPY3,Helicase_C
Q9UPY3,PAZ
Q9UPY3,Ribonuclease_3
Q9UQB3,Arm
Q9UQQ2,Phe_ZIP
Q9UQQ2,SH2
Q9Y243,PH
Q9Y243,Pkinase
Q9Y243,Pkinase_C
Q9Y2T1,AXIN1_TNKS_BD
Q9Y2T1,Axin_b-cat_bind
Q9Y2T1,DIX
Q9Y2T1,RGS
Q9Y2W1,THRAP3_BCLAF1
Q9Y3A5,SBDS_C
Q9Y3A5,SBDS_domain_II
Q9Y3A5,SBDS_N
Q9Y3S1,CCTL2_WNK
Q9Y3S1,OSR1_C
Q9Y3S1,Pkinase
Q9Y4A5,FAT
Q9Y4A5,PI3_PI4_kinase
Q9Y4A5,Tra1_central
Q9Y4A5,Tra1_ring
Q9Y4I1,DIL
Q9Y4I1,IQ
Q9Y4I1,Myosin_head
Q9Y5J3,Hairy_orange
Q9Y5J3,HLH
Q9Y5Q3,bZIP_Maf
Q9Y5Q3,Maf_N
Q9Y5W5,EGF_DL_JAG
Q9Y5W5,hEGF
Q9Y5W5,WIF
Q9Y618,GPS2_interact
Q9Y618,Myb_DNA-binding
Q9Y6K1,ADD_DNMT3
Q9Y6K1,DNA_methylase
Q9Y6K1,DNM3A_N
Q9Y6K1,DNMT3_ADD_GATA1-like
Q9Y6K1,PWWP
Q9Y6M1,KH_1
Q9Y6M1,RRM_1
Q9Y6N8,CADH_Y-type_LIR
Q9Y6N8,Cadherin
Q9Y6Y1,Ank_2
Q9Y6Y1,CG-1
Q9Y6Y1,IQ
Q9Y6Y1,TIG
E9PAV3,NAC
E9PAV3,UBA_HYPK
H3BRN8,PIRC1_2
P31277,DUF3528
P31277,Homeodomain
P56278,TCL1_MTCP1
Q2M1V0,Homeodomain
Q6UXM1,I-set
Q6UXM1,Ig_3
Q6UXM1,LRR_1
Q6UXM1,LRR_8
Q6ZN28,DEATH_SH3BP4
Q6ZN28,SH3BP4_C
Q6ZN28,UPA_SH3BP4
Q86XD5,FAM131
Q8TF68,zf-C2H2
Q8TF68,zf-C2H2_6
Q96JC4,KRAB
Q96JC4,zf-C2H2
Q96JT2,MFS_1
Q9BUK0,COX6B
Q9NQX6,KRAB
Q9NQX6,zf-C2H2
Q9NQX6,zf-C2H2_6
Q9Y651,HMG_box
Q9Y651,SOXp
A6NKT7,GRIP
A6NKT7,Rab_bind
A6NKT7,Ran_BP1
A6NKT7,TPR_8
Q008S8,DUF4347
Q008S8,F-box-like
Q008S8,RhoGEF
Q16559,HLH
Q86V71,KRAB
Q86V71,zf-C2H2
Q8TEQ0,PX
Q8TEQ0,RUN
Q9Y693,L_HMGIC_fpl
A6NNL0,NUT
Q5HY64,FAM47
Q5VT03,NUT
Q5VW00,Beta-prop_DCAF12
Q8NA66,cNMP_binding
